,hash,names,surnames
0,0x9359017e58ce78c10fa15cc38415caecb4858cd8f7dd5d3d169f1d2c6e3d5f10,Toni,GOODNIGHT
1,0x9f915b2bd4e9de038ad152a65ee96ea6a0b59ea1a39fb7b10a57b2e0a73b2382,Rose,WARRINGTON
2,0x99f8f98aff9024bfb923e1bdfe14ae6d1cb2eb85c5e47b5295b513bd36080c1c,Nickolas,ANDRESS
3,0x955f70b9f04f5f143cbb71c4f5ab2bf0bdf1e0ff1727ed9c067fdfd721d6856b,Harry,DIGIOVANNI
4,0x4bcb1a4699b3c7efdfe3b0e5a3dd0f8071b42ee48f8331a1da32b80ce8dbedab,Wade,TUCKER
5,0x73328d888e79737f8d7ee12702e777cebfc97c4b755f9d4358b055d3b35b09d2,Timothy,PALM
6,0x5125b5808a536e0483d3f88f2b53b73c0ae20dfea043b91e86a5ea61bf69040,Marissa,NICKELSON
7,0xa69427cac0dd3f06eb0526de2ccadf5ce5556e337092fc5158d8af2054387cd7,Kory,KUYKENDALL
8,0x5ececbf61e5e54e3f27f1d61ec770d488ee3b094adcf9372d15fd12ef21d92e2,Ethan,MCGUIGAN
9,0x2b22bb79b969feb1a2338fce60cd1b788bb8c02991244c35db8fc45c7ef3be4f,Kira,SARABIA
10,0xc82b8e6a8c23cca365b6dd18d475872f3a77ad34b88764ef554f54e5f1917511,Frances,NEWCOMER
11,0x9a63653b234394a757bdfdca4b9a5f0c75a387efa71a1674f556ef2711452c79,Brooke,MASK
12,0x7d5a07f613a8f9c7dd4f8b98daa692e419ef5015c4672c9fcbd230a296f06457,Jenna,DEMENT
13,0x8fb8cb965912b8449455643615ee6606f435b9c01cb68f5d7b4989d262141faf,Dexter,BRIGHAM
14,0xa623c34f3873e9ec7f1ff282315562bda356c1a3f34f505c52cf9a227b6f1e40,Cristina,SARMIENTO
15,0x77dfeed5888befabab74f9bf4a4d90cef06258cc8ec3d96a6d4da72124e760af,Martha,HEAD
16,0x930cd9ab7386d3afcb7f1667e0ad72c5960dbc5ca857d487a65399aaa24950ed,Krystle,KOCHER
17,0xe833a94712a8f9f6acbb98208dd58c768be9862692df6be6e74cc79d260af00a,Mathew,MITCHUM
18,0x9f817d68e14d9356fffe482117dfe8541939f31903e85b7b795637d1990d643b,Mike,REPP
19,0xac053dbaf755d096484913bac0611f5356ff3d421a9ab992aea918d676849f74,Jon,MULLEN
20,0x631b2fd5acfd2c2b781a0fbd056458bd8dae7e084a4a768f16fbb89456e4b935,Darren,HEMINGWAY
21,0x111d24ca0223fe96f0da920a3af17a36f122aabdfcc8186f50dbbba6274d9d94,Jamie,MCCAULEY
22,0xf64fa8a6d8512e66522008c3df1f4b05234771ce1d4b832173f72664df0f2cab,Dylan,DAYE
23,0xb6f2944668561b9c514ff057a22ba8541dc36e5cc7f5309b735bf6735d948ef6,Tabitha,KILLOUGH
24,0x3af5d18ee5b4b0cd59dc87723c53cbe881c4d8e1292c4655c25ebda617981395,Shaun,BARCLAY
25,0x4d6c4b3d5cbdb13bbe0518b2a6cb13767507e86a1e489efca44d6da43e2a23d7,Joanne,TOY
26,0xd1800d06885396bb97e2034cb8df899b749045089d0f8b0659767d8f0586fe3a,Destiny,NICHOL
27,0x396d023a9a9f3697705ee1df50beef7dc92466737c6bebabdb13712fde679ab0,Andrea,STREETER
28,0xf7472c62e48da883f9d61305766350aa57d1d1a3ecf9ba13cb9c0669d61e2586,Dianna,DVORAK
29,0x42d7b377ed71426bcca8a5996bed766e80c4149466304c349e738196a1950019,Shelley,HERNADEZ
30,0x8b3f6bb8eb6c7b161d9e5283af1950395bc46aa7bb3580964b57bccdc9251639,Joseph,CORTEZ
31,0x82f7d3c2f423b5511af5b3779631d6b6c84af5afdaa250e63ae87ce96406fc9a,Troy,BEAUMONT
32,0x99b1f95bfa8a276005b6d20e25eda9b9ee11a8982210326b9bb14a87f65d2858,Logan,WITHAM
33,0xb0b4b1dc78bffb3207e96ca6b10016cc4b9e5931245203ae1faec72a8a857fa6,Savannah,SOWELL
34,0xc5a2e100a61c9c1fc0f6f25251c34ed7d87f5e521793ff5abf03ffa68859db72,Ashlie,CASSADY
35,0xd2e6de34f2c046ea0750b625d986483ea65fa2577d0bb12c5a022dc40851991,Jerry,FISHER
36,0xd647a5c2ea94eb8af4d8be0a72a5cabb72faa4ab28b44b4d7384d7a50964038f,Mike,WEATHERFORD
37,0xbb1a78c1ad27afa835ec95bfdfa38a7be67947c4ecc1111ff337dd58a0c168c4,Corinne,BARBIERI
38,0xd08d876d415a1d428638e61e0fb507a9743c54e2a2f965013ce71a6f2aa0037d,Darrell,HYLAND
39,0xf305202f871571b54496d6352ec6065b1b35fd58188fe8a9070cb5e09ccd6399,Rebekah,FERRARO
40,0x361fc8b12b1720a14463d8de182a033fe7abc5ef9b0a1fa8ef2bc2e8448febae,Sabrina,SANTOS
41,0x531a6a6a612117f0d0402f763f1d70ffaa20817897c98dda1a2c02a4e1fbd6a5,Collin,BRADFIELD
42,0x13929d2b24ba229973540ffec7c49791ce3cb7da3fe358267e4c05ea4633dc6d,Ashley,DRAPER
43,0xadbff1c55e7feeb078a302ae451d07b841657662576fb6ce7998438850d743f4,Marisa,CLAIR
44,0x1b7074738d5186238e6910efee0428cfa64b1eba8e4f05c80d1bb3553f4ee904,Jarred,HARVEY
45,0xecdd1b748110b09b7ef28d38ba25ebbac089165039f6e603ad80c2e7246670db,Aaron,CAVE
46,0xa6cf5fd73c5891e14ec44c77be3e8dea332d824d2072ca2f29bd3f3f4edae2fa,Crystal,CARROL
47,0x3b0c6b4fbac6dbecdf81d6b127d6e720769a37e3ed7e80095d3b1d8652fb41b6,Jillian,DUKE
48,0x64aba6574c97ed2dd38f2b6ad5911879c8f4596b070824b82d3dd8b80d39a594,Beau,MEADER
49,0xa30b7de2da3ef69a74977e7af7ea99c7287dcc2b013dc4566094fe42ab3e8343,Colin,FAIRCLOTH
50,0x4d796f40375b2f090f1e6abff39cb421759c9dc419fe5dd53902b9cb47f4bc3d,Marie,ORTEGA
51,0x1c98ed13326a41645573ebf45e85850e11c3e6789913b68a1e6a76a69a6f9335,Jade,LOESCH
52,0x123751270bfb5a6601517c5b4eb7bf691e8aa91b44be8a87ed8bc6a6d5dd0136,Brianna,KELLAM
53,0xe17e20e17772b289dcb0061ed17ad04f032c651670846f258b9e9ff8cf590f86,Jonathon,VOLLMER
54,0x35e9f24f362be9ae73f30f1df0ee73e97202ec6a1608558c9e118fab650a1450,Travis,DUNFORD
55,0xd8d544c62d8f671490e7340b9d82cc6563efbace87092717b7ea15370d0d8343,Karina,SUMRALL
56,0x7dcf614be999563cb0ca83cc8164c195bacf7c6dc7be80b7d708550960f82284,Tessa,METCALFE
57,0xe657d87ae01af9a9029631ef8bffceadd6bbc0e83d200b10f159fdde53664adc,Naomi,ALVA
58,0xbe7522edb9376fc91e9954455ac3d945cc68a6ed74f03049268e3e3fa8254baa,Brianne,MCCOLLUM
59,0x222d27eabfd967f767a1bd2a0fb1cf6f14f017a33dc8b2078a0fe08fd9dd50c8,Hillary,SWEENEY
60,0xa83a7d020f60298da2f8a309b668dfa84848fc4ddfdfb7a6e21f6f5a433b5dc4,Rudy,TOVAR
61,0x5e12d0171cfa6ec1433184bb8cdb8961b05804b6ca0e1ee5f8e6837b18e6933c,Christy,HAN
62,0xa9f703d4e129d9ac555fa368613436f655f51b93d4837fe629b2ce5d9a2dfbc8,Gilbert,SUMNER
63,0x6a6983bd06571eafbac4e5b6058174cf478b0847444585da26b6f6b9d635a215,Karl,BLOCK
64,0xc50c5baf25aec2e1d4907c3e72864757240a454335bf03126a3da77c3d014e07,Aaron,HASSELL
65,0x3deb11d4ad40b91dd4364e887708e94747a2824c1e5b6d2e780b28f63ddd722b,Pamela,BAKKER
66,0x3c8fcb5f2cb607bb20de17b324e79c5d1b838f3b6a1acae8e8c359589167b082,Larry,WOODY
67,0x9961c720d7d13ff4735e6689f20edb73a1e4fc57d9d2221e3f7d45697e733a81,Colleen,BADGER
68,0x801383da1c7a55690219cefe14b6ad53bb82162b4a0eb8e9015ffc87b324304e,Callie,MICK
69,0x7084a62ff5bcf6a54f2572db325dd4f8a4a3eb58c74e53b18e77ca85c210885a,Alma,SHERROD
70,0x7028f729afa0eb076643ed8ecd5f1aae62ca70217767abca936c8e9325267c3b,Antonio,SOLOMAN
71,0x20713e3a281b3aa9ee7b80cc44fd14a5cf1f6a31a55ae40fdf7ae584d1605430,Robyn,CREWS
72,0x50bf1b1c59b85742172354df8031f07dbc22519d1607e12e0e748837e5d2c5c4,Gilberto,WHITELEY
73,0x3e32a9721f64a360b5165ebf7711085b8c9d91788d265ee20efb4ceed5c196cd,Wendy,WAUGH
74,0x93b06719a3b8bdb002930ecf33f6aebcccc256c33ff4b7fa25714f38cbb75251,Kirk,CANADAY
75,0x3e635bb24a77d52c0ffcdd0d5cbe2ffedfce26e921bd74933f6a4ac801c76954,Frank,DAYTON
76,0x4d12d17071134bb78b303b4b57cbdb708d5e8926f5d7fa6244951a3b8506098f,Latrice,TARDIFF
77,0x4aaa8d7233a4f36e550723301985c725691259865f0b263c4af769dc861a9a36,Jose,GRUBER
78,0x38993a5a8cacb87c3260e3cc0f7edb180ded7ebe4dec496a0e11d4f457dfa10b,Roy,DUPONT
79,0xe3862470a65718893512bf11b28f1613996657586223a7d30e90a22822acaaae,Breanna,RABIDEAU
80,0xf5c944597fc154322e5e6f2ab788477f4db2cd98932c60a53b4d3c8f762270a7,Evan,MAINES
81,0xe300c7df34dbfd234d5d6dcc6885ed2100a3b6870cd98392e46b6c40002240fb,Blair,DEROSE
82,0x73bb835e34818558d2f7f964b5828e70188710684c97d9c6764685c5c7930ef8,Trey,FLICK
83,0x311d2d9df6e57917b6e56d12616d4b35cd598ef595e97daba28e43310c774efe,Kacie,HUNLEY
84,0x903aa3d39aac2bf8e797a3e89347d38ba7b8b82e43f79280f15e0447e9148c5c,Shauna,SWIGER
85,0xf1491f37a904657bd37d4ac4b6b7941ced0e381c99c4693ac69801495f3bd936,Amanda,NATALE
86,0x5deef402c4a934cbee18cdc73bac8c409c145f82697a36ef34bb00fb9bbd3a3d,Julian,CONCEPCION
87,0xef1eccd32eeae216f08deb8bbf2ef744128c4fe282d07a7285ec31eb3025fc7a,Angela,BELLE
88,0x45ceb27d45df73402e8ab31b78cb13dad682e5e164d24541538ebe5156f30158,Edgar,RENZ
89,0xc7e685b720c1f0b6b48dbdb410c87a585c8efe0fc8ad0fe15511022a8acb50f9,Diana,BRANDON
90,0x70299b74a6a106224eaac097169fdf4c4dd29784845e19f2dd409f9398a2a4c3,Candace,ROULEAU
91,0x3ff93fa19aa5d0b41d6d4d926e1fe3662cc9bc9f7e334f8c7ee565a182e50f0f,Nikki,SWEET
92,0xb65b4462cabd55c9b4a4b13b490e190a3d2bdd14e740e0cc68b8fe127bf4c077,Chelsea,QUARLES
93,0x3e9ee50ef4bc61d7c06ef20f65e225d907a9637ee5cf09664e9872b0c08236c4,Joey,WEISER
94,0x68a7a76293099cc6bb7c17e12f72969a391ffd68ebeaec6168d6bf7a86c19fa2,Mollie,ARCHULETA
95,0xec23b68c9ccc701e13ba51fd92ce01d7549b4a3e2c30100a9d3ad2142c35b8b8,Keri,PAULINO
96,0x85230a2dc247c61d2e6ecfa83e1719948736bb3f7dd8fd4e59d017aa7cf2f40d,Grace,NUNNALLY
97,0x6861d58549ec97bb63cf7ccc6c200ccab0827e46416fa25b0d52aaa8d0b7e8f1,Alice,HAMILTON
98,0xa6a0a435825e6d36353045eae43f3f1021b353ae5cfab643d8aba166593d22a,Shayna,RATLIFF
99,0x176b13f5c824ce3705b62229902f5794975eab21663c15cc05b8f26e7c93ad0a,Tasha,MCFADDEN
100,0x209778ef2c1b0692d7b9541c4122bc753086aa268037aabad01747514259afe1,Abraham,ACKLIN
101,0x798b7dbe666bae5f75da9f2a65b8fe8eaf1c8506b65e4d9aff672ff1458f2f74,Brent,DEROSA
102,0xd257b8fe0aab8f810680a809ab6baea0e1ceffdef516f79ccbdf1be23a208988,Derrick,WHITELEY
103,0x4a03aea86f9b782f8692bc1484d4868db455bd5ace7a54a89236d9ae8df6e579,Terrance,HAVENS
104,0xda5737ebe774b4df0cd756ef29e635f7441c43750b38ae383c3dfa6d51a88684,Allen,ANTHONY
105,0x574813d88cab0fd972aae436afe5e2f11277973959a4f29635595e4be3e9587c,Amanda,MAREK
106,0x28fa006cb782a7bb47b9856201da6bc1382e36103f3d3342ccbdca50f3487853,Marisela,CULBERTSON
107,0xfbb965badbac1157b7c8000c9a97984fbf4eb4bf0b459b38f5dc19a24a971afd,Donald,LEON
108,0xc92f83fd46ba3e8bfcda656cc9c8414d787a508c25a692de3cb98427c5199e46,Felipe,KOENIG
109,0xfc5f27555e489c337fe6eaca0e51979f2f9e746fd02cfdcebe6e93e259a0b4c9,Teresa,WESTBROOK
110,0x8a8e343b959bc5c8a84024f25cdf3852b6b0af539c480d5818fc7660acd31be4,Madeline,SCHNELL
111,0x777c9af760a94def5f45aedea6b288b613d2a96686d14f26ff414a0d4c0f17bc,Christen,NICOL
112,0x6a6d7ec9e55e11824419dd68aa5efa994890b39147a29c17a7f30001ef970ab8,April,HUERTAS
113,0x99968802bad3f42cd76f1ba943a9f3059d5744397c45cec7a75495a098b04ea,Ismael,SARVER
114,0xe10ddf0849429d73a62cb68f2f7b39f2f5953add3dd248ef2d0f8fb3803f1ec0,Guy,SAMONS
115,0xb5d8fb21c4f5e8f26e6b2262ceeac5ebe451eb0385864e4ed6f0bdc2734cdb4a,Marilyn,STULTZ
116,0x4bacad33446b71033ba8a700cef599f949c9c7e81ea34daabb025790e0918c61,Gustavo,HAN
117,0xbdb249b5214558ac44c0193369c2d40e6e8c7d9a9073ce02c340fc5c6c13e4ba,Richard,BRADDOCK
118,0xf28904c9c42b7aa115f40e056e25b818d478f817c477ba0ac0455f8c6cdc39cb,Mandy,TEMPLE
119,0x9724b6b1e0abb3c2018c1d590301ada355212c0c09f702bc2b8fe5597f902bdd,Crystal,KASPER
120,0x33a24b2b71c6b81f412c71a1b3bafac2f5bace4741aadd88306b783a391087d8,Elisha,GARTH
121,0xd952fde3405244997e1e1b1d18c7ecf29cd0e69f3e775b5d3e72b95756b44317,Abby,SEAMAN
122,0x4b267952a18654ff4d5d561986d18733b587bd3da6d6d79298a30e7bed53235a,Celia,WELTON
123,0x67c57e0e8679b8835668e954889a9715661938f022b04eb7bbe9e589ab10b0ab,Carolina,MCCARTHY
124,0xa23e144729154f29c3dcc528c6b2f82a5f8c1f78c5384e4485c417b6c60b6a12,Terrence,PREVOST
125,0xe41cf100809bf0c89e68b28e63f5c0b8d181ba58c4f4c6215fea75c7094e8177,Samantha,PRIDE
126,0x2abc07f9189ac385799162a754653c4a31a504a0eb1a88e68d9417001ddeb0ca,Ben,CURTIN
127,0xfe77c56a4fd769fc509a202949be14a638421fd159da26df0136c9eb9db69e36,Abel,EUBANKS
128,0x1b8c41cc7c456d21a9e5735c7f2d14d2bfcb330ef5df11fe3848addae3acbc57,Drew,MCMURRY
129,0xeb40949719a27e593dc7ba07225f9d8a27ecc9a8ee265af4fc0e96f96e0649e5,Richard,DELOZIER
130,0xbd24d9ad368b51c51085c1f5b90bb6eb21106e5523187ff80bb33d0bdfe28cc7,Graham,CHARLES
131,0xea7130ac5a7614e2cc7065c7e6f2ac00cfdfdf55a1e33875d8319e639109294a,Karina,ELGIN
132,0xd262cd6b768bd43b4235d2efb8de25a1e81be5ffd9a45e29102fcd21086f4095,Kurt,HAYASHI
133,0x4614cde92d1606667f60d018ab6fa87d05272d80e39272793317dd3825770515,Fredrick,WEISER
134,0xaf0049954d3efde2fc0958bd0aeab55f4c5257d0eb154bf38a0c2ce7026aa691,Bobby,OHALLORAN
135,0xf85e00c1068324273112ec6dc5c2b6f58033f0980a4a38082275495f4c155de5,Fallon,EWALD
136,0x735d6083c96c8f8abf2c4bfd77d69dfebbd85a70eed86b44a948a0c9b4f3a17,Domonique,KENNEDY
137,0xd8ad446844becce98636b04826a521cd9091d96f4546fca11588c19e216cd325,Colleen,OVERBY
138,0x7b35fb782f457f392d7bfe4cbe6e5154f65d7858512e610127aedb036c527e41,Katie,LOFTUS
139,0x79cc6f9138d7af88e57885ac907e9c553d624fed5ad8c2897cb593f6b1bb274,Katie,AVILA
140,0x93d1f2358080c6f5ecee4495c119ff3ff04ff545f3033bc585996f94249d3c44,Lyndsey,LUKER
141,0xe321946fe9960488bdd54d5b11df03a75a7918326dfcc9fcccbdf8e626be20e,Tanner,MOSS
142,0x7c6635b8e758b54eb3c5221254435c118bd19cfedfbef98fbc87105b13279cae,Trent,CRIM
143,0xc116008fc52a110aefccf7c1404c7181eec6c982c18220324f9cfdd012633853,Erica,BRICKEY
144,0xc7d1a98b5be8406c55a03ba72283306ac3f0dde0bd4a70e310884e92c225915e,Edwin,STINSON
145,0xe6db47034a181d84d8bcce672b6e4cb0a977152d65c0b4ba581ac93a8101fecf,Toni,DEVOE
146,0x2689dbf2cd3d63fa03de4eb8129b26582e0533f563cb8c6fabf5d1585b63f963,Mitchell,PAEZ
147,0xa571a8eb2672afa5eb40ceba20aa292db11dfd0934872b0dec390de93ea506f4,Cierra,WILDE
148,0xf17676732c1f6a50144d58695e4d6936f11b175a90b5b7ad7b5941da05d81b62,Precious,MAUPIN
149,0x8a0e3fdf5459c8d29e74596c446442d904f1260f5d6c44adf341601c075edcf4,Heidi,QUINN
150,0xc66297439e9776785b3403270df83093af11555509c39e63c97b5b894434768d,Candace,MIDDLETON
151,0x3ea4966041e62e5d16d83fc478a73faae8fe87d264b40cd50685a6bcecbafc57,Shelby,BATY
152,0x8586e57e3beb43a71cd569357fca0569ea454892550073a25eee32824d33225e,Neal,FANNING
153,0x88f025baff764a441a29a1bba3a7b9c0e2c3af009ff58283a6316038d08e7f5e,Alison,MCEWEN
154,0x9a5b17f0365fee9823707a2987f76ecdd7245f2f277f360ab63b785499ecd324,Constance,MCCHESNEY
155,0xbef10ca4a9f45b682947321a21441e6839632b94633408fa832707ce9b5e349,Alexis,ARCHIBALD
156,0x484f8754c19ae3675bbfa7a681c8b5b39a0cb40e63e794507281fe1090741a15,Lewis,MACNEIL
157,0x7376a7bd279b92647f6833672182bcbe18e349c71859b83e4a755072d088b867,Alice,CABLE
158,0x7d48a85ae368e74b9c52f3b9494739ee45580461b4f8fd121af8b813e2fedd2f,Dwight,HUMMER
159,0x627b7b18225bc7b4997d41c65889b5741a8b5f170938bbb38bada63f2f30a222,Leo,LINKER
160,0xde383b9e082f3486fb3166705df60bf8a489d940e4ded1057aadd8c588d0b6bd,Kellie,MASCARENAS
161,0x8a60b2d7d457d6814e4a0c148816c1f7267586fe19c69bde1d4d84004c7b2c27,Robert,MOORHEAD
162,0xb03b25b61a346344c53cd42bd625b6975e011c7738eecb231ac8322c01831a5c,Leslie,APPLEBY
163,0xe152417ef4b54d79ec2a44a108555055aba1bccbdefee6156b40634e2d19e0c,Gwendolyn,GOSSELIN
164,0xd980dcded22e7e7cf5e413fa1db05893203d640789aa3db401758fa21fd68195,Cecilia,CRUTCHER
165,0xa48cefd3983f2c6558cb096c09d6dcd5d5065958562988caa4e78519cf61fc31,Janet,TINGLEY
166,0x5991bcd1a1b1ac5fcefd5c907909a1b0c0b12881421b26679bbf27268b7be4b6,Wayne,BLACKSTONE
167,0x804c16ae4d46bc2b2ce81a5510563bfcf44b9112aafabee67a08f590c808049a,Darren,GIGLIO
168,0x123b672851cc7c75b66a86af1349b7dd59020e54d2a8250f643e55cdb35530d,Traci,FIDLER
169,0xc0262e5fdf7760ca6c9c56f50feda97a3d4bd1a9a6b071bf1712cbd352a2c876,Deanna,HALLMARK
170,0x44cbc78699be319b322705e215f3ea2924c16525d8588c5683ab7dba857f5fc4,Casandra,TURNER
171,0xabbc760d98e8561d665903d4a6b552a1d4f6e50acdeb7dcdd541a4d4a763d45e,Howard,VILLATORO
172,0xc8269366e1993b3e3b1a83df427b41d3ea1f311e93826fcf8219f3d75fd200e1,Kristi,CONLIN
173,0xc96dfd943190e11600b044f89f03bdb4222780b32951b46d4866eb80169f2913,Celia,WEGNER
174,0x8681c4addd2a6592223aac995e17eb8cb8c21db03d98306df9600401b56d29ee,Audrey,FUNCHES
175,0x7d3873018f0b5084013df5ee7d452fe9bed7784de53a1efdf3feee883b6d6d2e,Lacy,WITHERS
176,0x5541c6da478fcf981f905258c0b2a0bb7802e6faa6fb9e5fb8494525602bfc2e,Marco,CASE
177,0xe606f8d45173172bc37ea5d5e76f733e68f38735bb5bf26c10610415ff4ba839,Helen,SPIRES
178,0x91e9ea32e7cf60a48ab820c86e70493286b7608ba6074a453edda6383cc6f5a8,Ronald,BOLYARD
179,0x6aa4933b4343b8af531148e4c98e23d409bf10e578b3203212e4f50e1557dea5,Kelly,SUTTON
180,0xebaabebd95a5585279edbb6fb9a6ade5eb12a2ab242764468af3f5b2472f60d2,Salvador,BRADSHAW
181,0xc618ce81f8b41726c8313167cc4c5ceccd3248ba1567567b4b404b5a679b5587,Melody,DION
182,0x64e5a5d69487aad19a434bac3963a7b46ffda31c1b6abb69262077b7e5ff6650,Daisy,LOCKARD
183,0x259ba8f5396834aa753a1b700be587fdf8476824b74a8ea132b5eaa703755f8,Ryan,REA
184,0xf46016291333b5d5b43e41cab740ff9f1d5945509b5a941e5c820fad05b5d7ae,Lydia,HUSKEY
185,0xc9c345646852aa90106256a93b2689358c38765f8e9d9be01c21e741686afcf2,Ernesto,SPERLING
186,0x2abfc7b03a82aa82c4d49885d0d66be84514b9e011f6dc37794a2b4e77368f08,Catherine,BREED
187,0x1412ba967f179ed99436f824ddd481fba9766a0bcff2eedfdd8f671868dc25c9,Harrison,HAMBRICK
188,0x859ff2600236f43ecb316047427b562abf29042084874d98d6d6055a5c74efd3,Lauren,VALE
189,0xb071a81b9aef1e7d5005c39d2d38df22d8d83f525a8a8f93c192e679920ef44f,Jesus,CARRION
190,0x88a0a8afc3e91f2aa4ef41f80ae910c86766e8dd3e76addab4a4d99f0f6bd95d,Donte,LOFTIS
191,0x676c9ed4eaee4a1a45df16568e6d89444dfd05ca8584c8aa2a9a8735c17870a3,Debra,ARNOLD
192,0x4c53e7f0e68b7fb65a26d16273a13f70759ebc0da281f1bb1f15c73ecd1ddd88,Jerry,MCLAUGHLIN
193,0xe07ded7a146539c805502cdf448ce52760bd9c9affe6874693c90e08ca6cf1,Alecia,GRIFFIN
194,0x8be6760add15f9ab97b2a7b01a53ddb99028725f87fb265627615f6310eb4d9,Audrey,SERRA
195,0xb4e29c521e035b928e181973ce774e2198a157d1b6548dc7db63010aba8e950a,Antoine,SCOVILLE
196,0x582d126060fa3e99249187201486d215fe1060b694750e2cafa5b02af898b49e,Lee,HUTCHESON
197,0x126a08ba1449f923d5ca4dc5f4c0d224a0af474b9a3455eacf9de87e474cb68b,Alejandra,KINDRED
198,0x193bb168aa5e69d6f033c5021e15fc9800f9e77f9a22c146b276f2430e97e548,Cheryl,STATEN
199,0xd042b62508f469fccb695283ecdca1f6f6a97b4c7c90435f30d29fd96c8fbffe,Kari,STEGER
200,0x1ef9e4c54688e5f2cdb34d9872df5e339cc3d4eed6b30da1a8372500a59a5c0,Eddie,DOWDELL
201,0x1adc34bab62ca08245cc31006bb0031831dfeb28cc1269f0997f06eed69e0fb6,Priscilla,MOSS
202,0x1f17e7eb00752dba68fc4da5f71c04591ff92b133702a4650b759e81f60e203b,Alma,HANKE
203,0x6553eca4ee294c74a8368735234ca85c1ad62989f0c2cc9feb9dc802f37d2b62,Lamar,MATHIAS
204,0x2603ea7cb6fd0c66864e85b336f5e7234089806db695f1e4ed77b465679b6754,Corinne,NEWSOM
205,0x625d74d4a608f9d750bb2af11ba9012541f39bc15def2a4253b9e2392d366905,Briana,BREEDEN
206,0x86892e07a9d8d29f184fda4500348f196563bfc7653d3674d6090371333dea62,Bridget,FREY
207,0xe6c624ebdbf7c7082d45c4d1d6a7de42dc74ff054ace3483fbb8f89701c4f204,Amber,HUI
208,0x72c6a4143b6a0f06215ff43e687d4a1859be34ca9c13dfcce5a3283f6a484401,Clarissa,FANT
209,0x321fae85297661e2fd6b0a0a326c6c3ac3b40d0e22a49208c949f8e92d9adbf9,Seth,REEDY
210,0x45a7a22977eb2392528a791974be0d329dd8dd8f200076c75fa61beba63f398d,Christopher,COFER
211,0x39a67fbfaea6311070ee59e16995d0b5ff9cffa7b88ec47d6cfd9e72544de2f9,Allan,ACKLEY
212,0x5722ba859b872ada227a34ad3745e501fca01e7fc93a8b7592d3ebc1a389136c,Lisa,OLIVAS
213,0xe5fafa6b9ed57578585aa36d521d2f92a5631e85a5cfa72e1889c0523889b709,Stephanie,DUHON
214,0x304f39a77ab4a91bf29881a73dd297929478b9b7d8e840f7b4c9927d5a0c0939,Trista,STURGES
215,0xed836327a6647b1fac6bdfdcf89ad1250dbd2967bb0448910975824141ebb2f,Nancy,HEARD
216,0xd2fda1e7e2f3fa68caf43e81bd826b8ee945b8b063a2cc1e6381eddb05c200fe,Pierre,SAUCEDO
217,0x970659e1fc3e4b7197362f88ea907cfeb5b8b0194d890c1371ae0904522d1b72,Derrick,STANFILL
218,0x2b7c585a7e85cbea6cf8b9a474c07141793dac16a52851c3a206083296673877,Trevor,MCWHIRTER
219,0xec7c3b57d4bc3e536c9fbda75b19bbe6502ddf4cc424c2e2f2e56245f10b6d5f,Cindy,MCCOMBS
220,0xdc561edce17c60d5df7b0708edc5e940a957cbc17aad6f8aa20b5203a2534e2b,Owen,CERVANTES
221,0x98bdba19e242813bb1de85b42c87b9e5bfb7cfc2286adddfe634d9bdab12eb51,Valerie,WU
222,0x4f0c6e80ff8e4bbdb6d31c2fd29ed01188363bdaaf59d0244fb5c6754a7a679a,Jeremy,LEFFLER
223,0x355c6168479adc917d550b5217c8177a49870ad038696b2cca0ab05cfce7dc33,Ramon,SMOTHERS
224,0x82cf22c88b71ef87c767d8b85cae9cbfe8cc7e34a66bf21a27722ba4e444cd78,Kurtis,HENDRIX
225,0x35ab5ac6752b8a78361818dee73f347c3ea2475be79056f8b7ba2f83ec0a64ff,Mario,WILDER
226,0x5bc1ddfd8bc3fa2b0658df6dee2406f61684219ed977db9502718d0ce7cc3904,Jake,CLAYTON
227,0x2fd48ea9c1b113c886005935f6c5ad7d239e457cb6505ee683e785081cfbf7ea,Israel,HENDRICK
228,0xccdd257e1098f8d692a66d2c748c95c7d0e170f72bab01dea90f79e1aa1c5fc4,Kurt,CLEMONS
229,0x921372f331d116c134af2226b3fd5a9befefa271d4706d9e37d769063ad2735d,Kendall,COOKSEY
230,0xb06d7671bd598fa4e8010c17f0468f6952a049ddcdf3d2aeb05b98eae640f40b,Cesar,BRANNEN
231,0x84a33270591b92a8732e1b467a83e06965bcbfed2db0fc8bd6cdce0eb45f437b,Karina,CARLSON
232,0xd073097ed0aa1be16ab7cef18f1a9075ddce8c70f74e9af5c75ff565fe032a4c,Terrell,COWLES
233,0x2fda30bf84ae7b0dad9b787d7e760349e8ec81e353c609e39dbe922da83c3eaf,Carolina,CHRISTMAS
234,0xa6a605a4ad4bb03b3c9be92886e99db71069e8d8d424bbba74965791872f6578,Angelo,CONEY
235,0x3608a27c83c004d9af672a06b6a92987d09ef01f163b69c5961f84af26e1eccf,Kent,DRAKE
236,0xfae2fc0ae3c861eba85d84dd610939891d6bdf3d42a03e22171005917e33842f,Margarita,HANN
237,0x4f66cfb22c598e2bdb76f67fe03ccbb2aaa5ee32219a32fcfed16802640eb980,Ashely,HALLEY
238,0x3703bea3ba00ff51d5dae5a21a5ea032bd9fab326f58d6e7c0f89d040519f8ac,Dawn,WARGO
239,0x72154518ddb624305e7c956c00e0816dadc4cd0c167a6901d3ec34c27c7a42d8,Ricardo,RICHEY
240,0x10253ef66e5cda8555f0bee4a920c2aec74909bc1152958fab28f77eabf9ed24,Judy,ZELLER
241,0x604f29689390e80d813e11dae41af65fd7ed76346af764c1232d19788bb89922,Juanita,COTTRILL
242,0x4b825ae4b7c3c2271a99803ce49e98026332757617138482fa3124d3effcf92e,Terri,MIRAMONTES
243,0xb87c404eea32010c369a1ca59247db2f58cbd49b902b8fbb34074b2e3805d01a,Keri,BAISDEN
244,0xb4ebfe15af2a1e3ef521e5ed9be78619034d3857133a1907d8c823a1361f9399,Nadia,BEATTY
245,0xba7d18b15edb24a180caf878fb7e00a02063eb300323d27faa5118398fcffd70,Rosa,JACOBO
246,0xe580de421571544e5d87f76188386e0cae08d2abda98bc6120b866340b13139c,Morgan,GUSTIN
247,0x64ee0bc3b62ccd02c0e4e7cd474aadc16d58d0f7c5930d20e09d48dba0395b33,Sara,PROVINCE
248,0x620f1879ba615b14308afacfca208438f4a6c62f80b327f2331bca8a90baad15,Lillian,ARMIJO
249,0xbbdc26d8d4562df3521a8a4c39ce5b78f9868fcad25339be02d746d88051b95c,Abel,MCGUIRE
250,0xaae0e6adfaca5ce60ccc9187e7238e887d3ffd23069af2adcd608fea8b06f855,Kristy,MCCULLUM
251,0xe0e2a092b362ea71a0c9f43d78ac7c76f489d7b63bca0d008afd9eaf33b7a121,Harry,VASSALLO
252,0x5bdc4574e6e7afdc3e9fc3e4d7375b3f4e6da9a2172dccf08bb33380166c010f,Amanda,BRAZIEL
253,0x8cb55b9c0df62f71853d4e2a4e2fa7d6631afbd50b114154d9ae78ed9bb8df5,Erika,GAY
254,0x2aa7d11ecb1cc01af7031cc961b78799a1b2f23fd1eb28c9f74fe8bb9a3ed1b4,Summer,STANGER
255,0x29942518238a7ad291b46624d045e46f463ab33a2725f738147ff01798e5535d,Ricardo,FARNHAM
256,0xa845d14ae3cb6c0ae9d0783694babd5435ad1ac9976d9b12a77bc8931412a865,Darlene,DIORIO
257,0x2406b47a7e3f046abe7644643eb9f0bbc8b87eaa57d7bba4dd3e96a6059634f5,Neil,EGGLESTON
258,0x5d965c5f92dda0341b53698efd290da41766c70bb8bf8049da580de25fe4e649,Roger,BURRUSS
259,0xd20693bdbead35d6797119e8892c8689cdea6b9ffab9abdaf98d4934ab7481a6,Sophia,SELLS
260,0xd64956df7a2cf3bdd71a89da101f15f4589972fb5ce3f72c90b2959c045eb25e,Crystal,RATHBUN
261,0x83ec859f60870b09afcdb69029990a0e910d7ba495f241da1d130a6430ef9160,Hope,FUDGE
262,0xf3e159c209cdd7bbe7e21429af79c414682787706f3a2ac36f43607afa2d654e,Antoine,CASSEL
263,0x4d8978ae06be2f2790cdfa805932a1c8a720c464d06cf7f85a8f3a8acc455f3e,Phillip,DAMICO
264,0xf40397a27894e7208f32132bad833e5068ab5aa11919d4e55fbd5bf43594834a,Saul,BEANE
265,0x56013a4768f974b792bd1411b024c688ca9941624969c7181ef3a1898a7dd1b3,Alyssa,BURNETT
266,0x4f7ac1eb42c121352cb7870cf5571c2fbafa14a01ada6f22f49b9d9a92ebb3b1,Ruth,BOST
267,0xa393b49eb110d17fb9a92c6b4780bd65c88efaa8752410581f254ad8c040bf96,Pedro,NATHAN
268,0x7050985c9e7399db124bb80f77f9dc6f671dbfb350549bd2d346f0ef8e50ea6a,Maria,RAGAN
269,0xb06bef7047067f7622e3456d699f08f82c189e82858e99cc58d057ccc6622bf7,Brianne,WINGO
270,0xfe233ff965b1ebbc3eea707be1f57654f4857c6833eb1735c041ac8b1314371b,Audrey,MARCHAND
271,0xb18ce8d30dd16d669a42251a38c40ad3b8e604cc31e8e9b8598629a2e33282ed,Margaret,KENT
272,0x64ab78977a56b219c4c8312c90ac0362b8f852bc545df4733484db0acc478a50,Audrey,DUGGAN
273,0x303e48c4804cffe33164002065d21325231614e74c5a0bd12128d885637ea96,Leon,AUDET
274,0xec09d40b9aa374eca8d30ea5992bf5fdcd37dddb19b9e320da4d765cd35f2409,Jacklyn,BROPHY
275,0x6ef48919b5164b3fbf9feff1ceb0084340b740da95916352c42978c579caa3d3,Ryan,BUTTERFIELD
276,0xe1d5f92544000d54e5d0bbc02fdd1b3f0720d0d4e8e658369dbe9191aa1aae85,Ronnie,MARDEN
277,0x990518f718777bffedd5d272dc3f620242c59afccb2fd69a8dea8e12b2cef1e7,Christian,DESIMONE
278,0x337f1763bd526319b69e085fd03202b220b4bcfaf9aca7eca75e7461b2aa60b2,Saul,TUDOR
279,0x49ee4787c058f5a5a79413f2bba5091b73d7edf12078aa13723dcea118fd6d75,Ashleigh,CABLE
280,0x9fa48b3e9e36646c2040acb0ef4a2f60438ffbaebaa83e0e2e91df00b4fa7fcb,Elizabeth,MCELROY
281,0xc67ac2dccd4783d6816e64d6a7cf26010baa2f25ccd442c26ec583986054ba5,Stephanie,GEBHART
282,0x5179ac28aee1319c7222021b9ab0d983575f684b175e339f611e509a8dfd947a,Eric,LAUDERDALE
283,0xdede9245e77dc47a2a7304db4342ffa610a5bd860a575cb2832f14ea7405dd80,Clay,HERRIN
284,0x28554044adbe477d43f0bc93067135536170ec4f651a900f24347e8b85ce6e78,Jarrod,FULTS
285,0xd89108c03ddfd0f4f3a04cf9dcf48386b2c6d144ae5886b42ee948e9ecd03628,Rolando,MCDOWELL
286,0xd1e81bd4d334799f1947416298dc4d0b26f731ef1beb7d22544c9dd9a9da5117,Nathan,THAYER
287,0x688ea4bd562ddaf7f8dc9d59e87dac2332c4bb9aac642c5573f2c473b2aac2f7,Bryce,COX
288,0xa86d300ba002da901e68ea38dce7ee6326b7aa6e8a243a1587c86a06ac8ccd20,Santana,CONVERSE
289,0x4176908612ee859236f8bb069b51e7fe7f207b31c2415d676c6ef1d9730f78a4,Andrew,FREDRICK
290,0x21f3a31e98ac0392a8434c5f9814b7cff706a89b401b8599cdcfa02edc0204f2,Stephanie,HAIR
291,0x6f48804c8d6f12f7ee5f6dcc54417139808d4b017a7520cf46bec0a62ec87ad6,Ashely,STINSON
292,0x8806bca2f85bd8648101dde72b8ad5b71bbe87528893f29bd90f1e26659ca971,Ivan,HARBIN
293,0xad85fa96223e5c121a63604602054cf9520fc1ddeabb77b7a7fb9b0a0d48f1,Audra,CRUM
294,0xf20bd4b1f742b257a8f151a11be031d4124ee77b0229bbf8ff6d6e64e97e2095,Lora,ACORD
295,0xfd09dc14965f1d40a875edff3586da68a0a7586bd84a1e2e40fc7098480adea1,Frances,STEEN
296,0x32cc62ae247ff7a4849fffd03c610921abf89fe34007d57a3f4ef4ff625b8812,Terrence,HASTY
297,0x7caf67f4c6342e5548e2899772e8911e92ed43d2d822a6ad23a4ef5cf7c074b2,Clara,BREWSTER
298,0x334230a78c680e4b160ae1acb29823a3609dd3876f36b49fc9a2a0c4014c5723,Carolina,BILLMAN
299,0xbe93b6232b2376badc1b8baaf20caf4ca99f95416107196f344748988e50ef13,Annette,FUCHS
300,0xbb285e1fa0df973f5836869ee56ef6a0b304b74950cb8acb493f529a33920646,Austin,FRANCK
301,0xc499da74d212cb7edd14dab80ec72af4686846ac40b5872211b9d5eb5865f0ee,Kelsey,POTEET
302,0x188485bae36ed98744154ac475beb5ee2a82472e05d6d96dbbcd69d6648feca5,Karl,BROADBENT
303,0x3d3a85eb08be688024acaae24d9c93d6fdb9aca47f4f0dac8aee0319d55107c0,Tia,CHESSER
304,0x171384bd460916887126a0ece6270a1d52a6c3e942481446e913d0dc5210a274,Taylor,ATCHISON
305,0xfb1c39bd04ac4d7291eabf90bf04ff1f46632ac1f69f144a18ed953fb6fda448,Frances,RIVAS
306,0x6a6e8134c4f39f4a50e19dc32fbd367dae97e8ae58c7093ea4efd33654f69485,Alfred,MORALEZ
307,0xdb6b36370eb3abc4c2762fd62539f765d3210b862a51b686e6787bae54ff4fda,Charlene,GODBEY
308,0xb7ee001bbf41521bd32ee3fbe5f4863028c9c10ab20811aac33b32635bc6f55e,Nina,HEALEY
309,0x60cd32e7ebaa0e68e2413ca18b3be624977867129cf8545ceba67a10024bd127,Suzanne,ATHEY
310,0x4a95f957880cb979e3d1dbd8296ce3ea547708cb4a0e6b8b3bb70d845c9ed196,Julianne,SMALLWOOD
311,0xe4f56143a72261c0ab3cf658fd4363143305c1657c9340aa9bd90a57afd5ffb9,Elyse,ENOCH
312,0x90151dcdee9fef9a3c59f8302298d13a9dc1ee6b4087b78966fd02e6b75bcf36,Ashely,GREIG
313,0x825147244e1cbf2a033080481d912c490c3d09f08f213083cf386c453b74e685,Orlando,HUDSPETH
314,0x2f21086a4b52346aa50ff887b51aa6bc6cf87b96f629ac2e840856a785d8ec8b,Reginald,COONS
315,0x22d9466e68fe7d4bde6bc49548402f1a8ac3b63aa934374611c56a9c6d0671fd,Tyson,BERGQUIST
316,0x9949f86178c25d34202d5ffd2f6a175b320154dcd653ead0358dba120c4d991d,Israel,JACOB
317,0x93a80450a7b9068aabc36c52f686fcbc93c751e4f196137e8d7f0929500f4609,Terrance,COPE
318,0x3ef0ca7789f8a33e19a9ae4d680ce4fc69e6d83de546a962cbea0ef5ec264614,Lakisha,HORNBACK
319,0x1af83d94c669f3346ebc3906114421b35785560df821f63dd4e8b1c8a7c57f8e,Natalie,WILLMAN
320,0x1ef59a21d46b5b43da17fe31ebf5bcc40eb2ea75693ebd556bf4c87d85cd98d5,Cassie,ZARATE
321,0x1ed3f402177e62ed3639c3707d0a2e7d805c86a8bf14d5de19779010e0b1fff6,Elliot,CHARLAND
322,0x3870b4f9e01a0b3ab444440b36e9689a7fa23f9c9c9e298e8eccdbe2a941e5b1,Lea,PAQUETTE
323,0x5308e94c520ec56a0e9be3628a27cf4d5066c7d73112cda324dbef051c9e2751,Julio,WALK
324,0xadf14b820f355d7807672fd394a801101a1e4e5befaca32ed78b48de8f85beb9,Ellen,GRAVOIS
325,0x88e8ccee6cf2497ee384e9482e9fd106e59a55b62f0756cdc7a74cde84b355eb,Stacie,HOWELL
326,0x3c3b4b6813fc92a5f94de99583dd50f613432db376e485f083fdc32c7331d00c,Kathy,HASTY
327,0x4ca1d6da7ebf6edd4edfeb2f57b96e498809155d7ef01db91df03c4fefeb004a,Allen,SURBER
328,0x1cf8cf73dec9a3910cbf9b3ff0d5ed32789f325e69f8318cad4a029f3d4d22d5,Steven,MILLET
329,0xf64ef76ab1a755bb4cbcb5204983c38a083954fce6781abdd11976894e617adf,Byron,HAMNER
330,0x2e61e56e7d5812640c31e23953f4bfe2f11786182f34ddb22a3e8f1889ea40e0,Amelia,CRAWFORD
331,0x361e3042fc066d6b047819510f4a9e0efbe311ec6e8a506a9eec9c91f38a79d8,Jaclyn,BROADUS
332,0x8a8a4e485b9c6547e5cb812f11a1bb80f26bb2aef5bb5a1d0a5197aef70d5340,Sergio,SO
333,0x7fb02beaef57b0dfd255b10870faf953ec10758edb8d2e12badaf27ee12a2370,Raul,MILTON
334,0xf6808359a5f93e40d5ac028978662198e7d784b234d784aa52b6879a44e463a,Reginald,VANG
335,0xd7039bb2f26576c893f951e9fab80a4f5bebbe2578ef2d42af6be446c582f220,Justine,MCMULLIN
336,0x7dbc4a1568e9450976b38c32064075ba655cc3a37c46f3673006a96c8dbfd8a6,Calvin,GROVE
337,0xf22b1ec324a6771459676e3829d2f3a8e4a3e39aa59ffcd612b08a77162e44b6,Roxanne,WESTBROOK
338,0x66270948536e96b39457591756b5fef3aec8a64380ff1ae9d9d1ecc1d79ef84d,Lorraine,FITTS
339,0x2e22c5734a4bf6548d6060b69465d973b2d5d6e3ee910cc5bc143e492b139355,Betsy,VALDIVIA
340,0xd520861151a3fe08b15521fc62193a44a5ade91af50ea36c9e614fe6e2d50d0,Ben,LOUQUE
341,0x2944800531ef7fc8beb46093c6a1534ae4fbd04765ef45f59fc291933218e654,Curtis,STALEY
342,0xbcf5003ffe274d3cdc380d9142396bda6c15add5049d4cbfb974e961c7e996a7,Judith,TRAVIS
343,0x320ccfd5b0cda3bacadf1d37e518dd45cb636f211317faec9054e67364bf534a,Sandra,THIES
344,0xa8aee6a0dcbb35bd4340cb102ee3034fa0233e93ac597c3060bc8ae36771d23b,Miles,CREED
345,0x6d5573f9f591887954973225ea5f4f7e9de650a4e4f9285179304c613038353a,Desmond,LASHER
346,0x2413d23e56e0f5cc51a94dc63bce9c5ac43ac860fd73e6ffc067884d6630bfbd,Donovan,HERNADEZ
347,0x7e283f5d034b439b608f8425e5984403a9ae7f236bcf7f11760fb2bf482dc081,Sierra,ROLFE
348,0xbfa7edd58cbbdad74ad4e6b94cb735d74cd7f735b1c37e07df67f1b82d00cb34,Tamara,LUCKY
349,0xd838e17e5431334d41ec4dc5da7ab07f85f75b65bbe3feddf9498274d461f562,Nelson,GALLAWAY
350,0xa0714231c52cacb2c01fd796af0c8fb0e1d22e9c752fc20a35a7f250dcd1b036,Jonathan,ROTZ
351,0x3d8fc5e0515df001855821de3f87972c358fea6730aa640c23633a5813312fa5,Charity,LENNOX
352,0x5c2e375daedc50a33dd8f8f47fbcbfb4c4f630fd52ee2a3d8274ea58fefa84d1,Jamie,ETIENNE
353,0x5aefba7534d3e40ae874e9d5d8fd8b944a1a4bf0035de0620e2b0518a12a41b6,Shelly,HABERMAN
354,0x905b670e6935ba11042daccda587b62a3094a9b8446025c70342235a90d10cbd,Cole,VANNOY
355,0xf680c5be4a3b7679cfe725f596c8c98180fdc64628ba41cf1e863ab488672450,Nichole,GUARDADO
356,0x1577362e4b9d95068e99902667bb03d9b60a573bf3d6d0ddb7a9fdbcee3f2732,Rebecca,SUZUKI
357,0xb8244ad300694650862d124d4d7ffc1da628a7fadd7c94b3e6004a3264db112e,Ashleigh,BARDWELL
358,0xf18881132e85e6737dfe5be73be72fe5fb958165b3dde46085fbbcccc74beae4,Beau,RUCKER
359,0x8ccd64dc5b88d7bdde8b457dff94ba3dbd56c6c2859edc95610f171fb8bc67f4,Julianne,PRESLEY
360,0xaf658d7cff49aac572ad91354753eb040624bd06222b0a5fef455fca849c6ae5,Toni,TEAGUE
361,0x44c6cdd1809090861478fdac4771d4f11845e717b95678fabc9b19b851b39eb4,Hope,BRAWLEY
362,0x66ca6123d4b9eb353414c60173c2cc5e56311ef2998b1659763f92d2e90ebd84,Roxanne,HIGA
363,0x43549df1279b2835895674a052963ec84a45c596fe7785150c966458447922d5,Blair,LUNDY
364,0x35397a80d7564c1172e2c4b8fecb62dce8a62868664ac5d1922d2db048b1e776,Kelly,CHEUNG
365,0xcb52c1e7943f6f8112df05cf4a29874a138a8e1887f7c3b2c4b8116e558d8699,Sylvia,LOUIE
366,0x970983d8c90ecd03be5ca91039d2d826ed1e899283eaf05afcd7465ecfa33482,Ray,BINETTE
367,0x4d2b004bc7172655369ca30330faa43adfb76031b7d16e2185acf5010395766f,Mitchell,SPANGLER
368,0x4544988e26b2bb5d67cb7ca43f5ba19415d5b7f47350d878e38629dcd5d2ccb5,Tracey,MARTELL
369,0x60f8c191fd7ebf1949f9f62bdafc94a07ce7df99953fc953c89a1089735bb8f0,Norma,HERNDON
370,0x5b7dfb70674e54aad53bf9113a5027b849bfbcec50d7a167dc795d2450701772,Cassie,BITNER
371,0x31c1022622a0aa1820f5be3c2e130048f9a90d14e1f14d957311caae33c4a0c8,Ricardo,BARAHONA
372,0xa92835df40800ddaeb3d77e30ab84d82fb6adbcbec1b66d01f60dc465362e0e6,Edgar,SAMORA
373,0x44eb74451f28d09299624c13a2e46526e1acb6bae48217aa1e6f238279b79d81,Nancy,MEEKS
374,0xf15335c3d57562f78f12a33631c88b574651f5ac843c6f4d457cbb644cf47064,Janine,CARDINAL
375,0xa67ac1bcd5c03050b8e0e336bce0b35e230467cb21fd240d38b3bc898c2e56eb,Corey,BRIAN
376,0x3348c21b811c400f4d087c599c1963be8bc42b9ac88b05a185340c8589f89b0c,Bret,CADWELL
377,0xf406c04df4df8a68054655f3317a4aacb0dfafe65584c7760beb3e50188e0455,Audrey,ELLENDER
378,0x70dd5dbc1e841dcdfdbf279169174f4764ce0679ea24357d0d0254509c474937,Brady,HERMAN
379,0x515066d60a40731f2094f9bc3bf6aa420568631be8489470abe5b964591dd0c9,Rickey,FERRELL
380,0xfd38098c71a8ff9250474a96c78d99fd7137536c16fb59ebf95ca3b8720bcf81,Bianca,WALLER
381,0xed5826f3e5cc0360e621e1cf3addc3dd2e176aa192bb110ce6348068ee9662b0,Regina,JOHNSEN
382,0x5ca38e88e42a00056b68323f762086641a54311d6656680c7b3ef59ee4cf16c5,Nathan,LASTER
383,0x438c341e7ae202791c3cfc4475f562e2541e4e2cf886101b2aa6ece34ecb53aa,Dallas,BALLOU
384,0x15f1497c2018c333a5b44c06662218b7eae64d498b98892ed7be61efa38f1c77,Ruby,BIRMINGHAM
385,0x5e65fa8a124e706d304617580cacadde4da1e596753f4766d0dd80b9e5ab7353,Lawrence,FOUST
386,0x6e487c6269e2c569261cb4e01c9b6e9d61cf543b470932e8542c3480f007d6ca,Melissa,WINDOM
387,0x4806f670f6f4a4b44c75362a02a1b7108c93e8eac7c0862d99ede192021bdc59,Rory,HOPKINS
388,0x55c2c35b98155998cea6ac392cca61eb20f2afea46f0500c0256770d1e901f2e,Tierra,BUTT
389,0x97493abcd5fa54213f16be54f474b4ef8dcd1359a3b9603632d43826e0c3ffe6,Gabriel,HENDRY
390,0xda712aadd99d84dd010c98a97f28362211b92b7ba5beb28171a8ff2e8d4a2c09,Alyson,BEATY
391,0xd6f5b75acd19228b36e8022ab37e24e8a17cb5108da55c4a2d03ab45c971681c,Brian,RAGLAND
392,0xe0588a3796e10485ff559a1a10b6b30bf4e7500f640bad86c5f812af332f87e4,Marquita,SCHIFF
393,0xda48f53cd1cd1addbaf3f79184f777ec48fbc1f58f887ee982f1a8e18c3107eb,Terrell,BOX
394,0xce490378734f9ae66d466de2615f3f6912fb10495aa2ca58a9afa8fa685b689e,Kory,OLIVIER
395,0xc7a9fa04832d68afae8e9715367e2f8cc300e92299ef5dc6c80804aa10fd7c1b,Isaac,MULDOON
396,0x8adeb498f0121296b4a13d8133b7ae71f037ede6eb29b0377b91c66134077cf5,Adrian,WHITACRE
397,0x19029fbb36aeffcf40712297e0bd5b3994b221ccea6219d1d7861b70cb09f58,Chandra,CANTER
398,0x3cd08b3af1edf8d903e98d02346c525519717b6625f1ff419961021033fd83ef,Katy,SEIBERT
399,0xa40b1f35b6483bd0716b7eff1019c8dc9e2a0b41cda854ed934f5206228a6494,Mason,AVENT
400,0x70b5eecd64abfdc58fade2e9a8ef24357d30b6e160a41273e1e8c7d6e5fd4ca3,Felix,NAVA
401,0x1632572e0671dbeba7006647ba2da9c312a22ffc61837092fb82b2a9ee7864e4,Ashleigh,VANG
402,0x85230d64aeaedb7c359e421f9f6bf911ab533cd7a3add274619a0d4699254c1d,Meagan,GREGG
403,0x19e5f1ea9f01c574e20d73927abdaecfb72790d8bc6ca05f0dc943b2e0bb4dd4,Tiffani,FARINA
404,0x8c91bcffc9b7b764f558b66f61db5f870af143524d8ce783ffea55f61e2c805f,Shayna,EGAN
405,0xe228c2345e76c7ae3f48f76998a0ad79a4bbf35fae5c0dd53d242a6bd22aa1ba,Lyndsey,VITALE
406,0x29fe124249e6d030050a8d9f8d626abcdbd5182353583295281845e1858e14e3,Jackie,TROY
407,0x6448ed1257c846603cef5440c5ba6cb226cef061bce5d6847633381d7cc4eb79,Jodie,BEEBE
408,0xd3ddab45ffe58f14d84eac257562e586f345ba9b228c6e840e12cd4a4496b236,Josephine,SKAGGS
409,0xe1be369517b9a0d64b060362a7faadcc2f34d98778982b3cc4158bf47a132772,Arthur,OLESON
410,0xda47ab8fdf88976269c32ef784e4429b1da0ac2346ec73d7164a05972e9ab1d,Marissa,WHITTEMORE
411,0x90f5b0308d430cfb597545a5bb03876109ad05e4d78ef4c4741f6dea9d299b33,Chad,OLEARY
412,0x6a756e84ea1285ccd1282fdbd672932f34461d05cf3059c5bf177b87efde8d26,Renee,BEDELL
413,0x6db0425a7e1e36bca628aa9434ad20f388cc966a1121c7be76b98d1ac610d89a,Steve,HECHT
414,0x5f3cc01afaa4216248a7c809f346399ece21d59e780ae2aba061437aa8441823,Maxwell,WEATHERBY
415,0x9391b319c3367edad3f4ccd240ca7eab93165f1cd7c60a177c173b594d67460e,Jermaine,MUNFORD
416,0xa220f2755f5c4a88e5ae1856260563efdc9522a592e6d9abf75c1f8f72193737,Dena,PICKARD
417,0xe8660339578e784252057c4f4968f72929bc5663c731e9ac0fdfccc2052de23,Joy,CONGDON
418,0xded6f455c2961133080ed4a6c2fdc551bcb62277a9781530169a0041f8614a7e,Bethany,HENDREN
419,0x56d5f068dcdce23ef0c5aef07a31b7bef0f99e62375141ca0e0d8869e2f90384,Salvador,NAVARRETTE
420,0xa2c905288e3a7c6dffefd65c9153399e2bc31cc5e4b459e29cdc7812ddcdb50a,Sidney,DAMPIER
421,0x8a5a287a348e3e77173e30408e99f478fc7385d43394d999834d35b728b65566,Harrison,DILLON
422,0x9a8ac7a8cb54b1b91dc8e86eb32f41c3e360365053d0ae5be880b3b19766537d,Kristina,DUPUIS
423,0x65fcdb6555b9c843929981d6375ad262f5108e0c9455fb79ebd0da98f5549dbc,Grant,FECTEAU
424,0x599246a3adccb91a7fb323202c904e9a890b72c059f5fe1ac08df2577c480bad,Cathy,ACKLIN
425,0x1df82a27844b4ada478db0f4504ebfbe83453ca61694dd6c44ce76c601ca2893,Celia,BELKNAP
426,0xab13fd285fbb89f76ce84ab437975363d94a2dfc23bd3086e27ba625553e5583,Sherri,SCHENCK
427,0x6c8ec9db5fe58e692b5e7c5b1aa3506aeecd39b0ba1ccb83d065ea58891d1956,Jeffery,WITTEN
428,0x88b49e2aaa58f2faed9edfe3f016f7d20af162314d66c193be37d6ac2e8d072b,Mandy,SCURRY
429,0xbfcb57e6752f3617eb63f1a06e1c075c9223c9737321e2b15a63777c23dc9c77,Allison,ALLISON
430,0xee8296fe5dab0e7833773613262f68ec845a6e0a528f68f6c95972db3488fa23,Bethany,BATTS
431,0x56db6aa2e5f1999b1bed8ff211ea183f677cbb0a297c533e92a2622cc9d8353b,Jimmy,MCCALL
432,0xc808876f9eeb13046044fe4717f6e3e4bfe4c37b8f407e185fb6ca7a8a50a941,Ashlee,DRAPER
433,0xff3f92859be77cd9d05ac62a0b09a4b7894b9debcb4cb4f3c65a129dcbd4ced7,Rodney,LAFLAMME
434,0x11c067a0d8d6c9d7522fff0fe313f749d5c204dbeb3d8c0408c73f93718f2c5c,Hayley,SAUER
435,0x805db286897910a61bce3eb107caf7df1504fe5470647d0dc52d0ab3505964f6,Abraham,DUNSTON
436,0xd747ddc1ff7b780d2d4b10d2f869d75321e2b524585f6fdde697dc1bac84371a,Sandy,SEYMORE
437,0x6ea0cea3ce503c695280ce8931f47d1f437eca5f5645260d59a3f59b4ed63a2,Kimberly,BATSON
438,0xad9267df3237146f310b7bdc5953d4181d49c348e6230de092d41e298ff2d170,Lucia,HANSEN
439,0x6218b2ce488441af0ffba6950796cb7babe69c3b8720ef5765d273a6a52c9cbd,Joel,MIDDLETON
440,0x3cde0d05d19c62b66821d3974abe144d3d05ce4baf88c19a1fd1c2cd265936ad,Elijah,HAWN
441,0x7cd8e0d17636d17d15fcbf8c0267703fcb0b6cb26bd9b532a122f979ae28b48,Ashly,HACK
442,0x77db14fb9cd5acec21b00480ed822f8f25f126e0756e9d62dc1fff555e191910,Gilberto,GUEVARA
443,0x3781d1c15cc9ad47811e0d56fbd2d05cf5a0b6d4dc1c0eddab571cdf09b59099,Emmanuel,CHEN
444,0x5ec9b95b2e7941f1679b2d578d576f4bd511c0fbb36adf80a21a92ec5219564c,Joy,SETTLE
445,0x897b3c9a8fa36a0fb0d2769ae27f9d9a6e73be633b98f98b12c107997894ff2a,Lyndsey,LAGASSE
446,0xa0057f7808ccd9b33f7227e9652d48e550a70752b63019adebe9fc642cd85e53,Nadia,ZELLER
447,0x13baaee5db38381b23635e289df807fb63ec4c2dbfa197e573a59ebecd84c425,Albert,HEINE
448,0x9de0988a41797f7b1b1b0bee26d31eabc987de50854f01b8be26dcb8a4f3e9d2,Belinda,GALLANT
449,0x630ba7fdfb07245b57d85e2cef1f9fff115c5b8b9e9f7771d780c9c895d6b446,Denise,CONLON
450,0x7b496b243d6e0d2b47d30fe6c72d8ca05305dc19449110c8199e0217feb2e054,Sarah,PAREDES
451,0xdc8df01fda20e00544d55cc64e65504f15b902b01e90519382ab1373384957a1,Claire,HAMMACK
452,0xc04bd89f5470fb1d23fabfb9da78aa7f07b37bddc6f935b00c93479325dc4194,Derick,TELLEZ
453,0x48339f7e0f9beca2e80e298c5e870c72d23fc1f68bb70ec36f1a6d997ec971bf,Heather,ABRAMSON
454,0xdc4c28b094dd10f9c62a67bc0845ec82fdd29cdf7586a2ec805e59514bc716ef,Summer,WYLIE
455,0xac7d93e5d8916b6ff2ede9eddea46bab01b018e5e9d09eb065367795078ff542,Rhonda,NAVARRA
456,0x970d5def2bb11cc9397ea4f119158f5fbcf64f9f4253fafbaf2340b6659ff7dd,Jasmin,KIMBERLIN
457,0xe0d24cdac4d959e09f7618b41c77adccb3f60e0b4f92cb7879f268bae20e8b52,Jane,SHERRELL
458,0x775bf0121c01884c448410be9d4045834ac4b85217b2f0627ae56225919fd732,Evelyn,REDWINE
459,0x9c44f00ca3d0ca244887f43f6ae9bb0893a67660362adc455ba0339680ef3145,Madeline,MORRILL
460,0xf99f215762b97c79c3b7d0c5df15ca864ad8c84d01f516e8ad08cdc805e3d706,Ericka,TRUETT
461,0x348622dde9b1b0b49db92eb564c539cab45b2e0d44106430f7871f8c14ed79cc,Nathaniel,HEREDIA
462,0x4efb2cdd9a3f18de5fa037a873b27eb068929a6c45d139e1a5e3e3454df6f155,Ellen,HOBART
463,0xe4549fc4537d8aa559f71477850c578f58b07365ed84b4a6e50e579119778d3d,Bruce,HABER
464,0x1bc50a720745f6948669f107a40104244fb99133dcadc952bf0f920624deace8,Elisa,GUY
465,0x2d64503237a2164e1cc0bed989bc2a63e18486dc9d2055d7fc921ab328e440c6,Donna,KILEY
466,0xe641ca0cdcd17098d51cfa52c4fb7678f7e49632ac05c3402120aa86577750ff,Alyson,GUIMOND
467,0x1d3d5691a3f4fafe20d96d9f5686ae1be1b31437e1e8a65d98006135f383342e,Johanna,CORY
468,0xfbec380d24ac0f14889077ab742441a7cee62c963e9c0a5b77e56cdbafbda598,Alyssa,MORIARTY
469,0x2fdbee026a3463187014a37cf6959aef5d57cb3778f0466bb8fe7c6b389db0c9,Sally,MELGAR
470,0x6e5ca9757e66032c27bebfda814e1412ba92c69b9a0aebd28fafdffe07b40fac,Alisha,PARKS
471,0x980cb40ce4474add0de9ea4188e7282e54212975f61ee7bc8914e7a7cca183f2,Casey,FISCHER
472,0x63f0cb640e4a0e0ed968c609ef33698c298db6deb8bd129d9ebd404b47ebe690,Amy,RICKMAN
473,0xebed6da2465479ed8ba2399bd034ff39827e6b2d0391d01e0afd78c6e2556ee5,Byron,HOLMQUIST
474,0xc126947e6bf3e7f37cc449c8de726fde78bd4bb27088d66f3f9ad5e49524bd3a,Anita,MENESES
475,0x45dfc75b870979bd259062d687ad8f08952a29515595ccf0c1197789feb01d68,Travis,VALENCIA
476,0x7c3e53387cfe0d0537eca425a4ebb907b8a4351429293fb5fce9e97fe9a9a23c,Calvin,RENTERIA
477,0x9458d16443197e435e0b2500b368e810cf85389e5555dbc7f0e72e258d95d126,Mindy,SANDS
478,0x820572fde3b669c246f7fd5c457f84eee87eda20137a56d5d7986767ecd92d6,Ben,HOLGUIN
479,0x9f87d031e5e53558253dc9dbb2600d7f72b8b4d34939081b8f7732bc2c97589d,Rafael,FRAWLEY
480,0xc0805a065d1722a225547c71979c74cc71afac9988d2da87dcda5aefab8fee2,Audrey,SHERROD
481,0xce6b5c4289da54d3a38cd3d90099d255b7c3495a7e871a1696b8939987ad60ad,Ruben,GILREATH
482,0x1c9d378688812211d7749d4a628e1c3669577a6debca299f4a6bed3b998da450,Clint,WORD
483,0xb325f59fd6092da06339a714b2f2e41ef10794bbb0c9213cfb9147951cd6ad78,Raul,DOHERTY
484,0xc8659a2cadbe159b039955b1b21d048c85de43805027a83e7e8c34d2e0ad4ce0,Francisco,ANDRES
485,0xa755995cffae879391ed44624fa730cc768d04ff77d9374c7dc264647deb433c,Virginia,REISS
486,0xce7cd22d2667ffced2bc06ee51b265cbd4afddf0a4e4e8b9739d71e79ea7096b,Colin,HEALD
487,0x35921a10641d385f9aad475563baa937a69a5972a91782ceb77046a8cf47dd69,Carlton,HODGSON
488,0x9afe3513b01ed861ad4cb73b8d02a02dfcbec3fc2a6ea02e9293235f6e015f8e,Terence,MORELAND
489,0x2d3496f0cde520493dbaea2488345f3c8014e9e5d98a194b7ae49e2e3ba674d0,Willie,COOK
490,0x41318c07069f1fe8cc31872ed729595234188984890f893ee7b0f7e4320d3093,Dorothy,FITZGERALD
491,0xad8b8fccbd3bafab36799dd44e1f8dc86ece9d2ca0242f7b5a903a2071619e3e,Josiah,PERRINE
492,0x4ea16cc05f6fc5b305ee9a0a6f8f49dcf96bcdce55f8224b9bf810d42f1ddbf6,Roland,WIGGINS
493,0x2b63e4ff07aaaba0759fb87c04baadefe741c2d354e1d49359914a86e87ee9b4,Ariel,ELLER
494,0x935cec7f5ca6c23fa934c5482d1a0285d3f6119e6cf425819a179ee5bbb045d2,Corey,GABBARD
495,0x2e5e7a78f8846a9443852cc66c5033adf95afceca14f028e788b4e5f7899e4cd,Nina,MENDES
496,0x1e90cca6bf4aec287deecbf81de6fc3f67a42c9eefcf67a0e195c281da05f08b,Lionel,VANATTA
497,0x645dd89d6a7ae453382bc39ce7d0cb103c138ac1f2cadb6ca9df7cdbf4a9a8ea,Gustavo,LAGUNAS
498,0x5b2425bbc018a82d7514728a6c290ad8a5f3c8f3b3ff8a900fe1cbe11d9f1c4a,Jameson,ODLE
499,0x4474389af61c4e47e95633f44128ca0c5e7fefeb6d23d8c93c60cb0260fcee8a,Felicia,MORLEY
500,0x12bc73017c7b3aa2d946ba6896c00ddb1b57dbd77606c79b77b1c0feed7c17c4,Beth,CANNING
501,0x179a2caeff6256140d30608267e24af41e8ae8ac8d1bb99c50cc47ad571b83cc,Bryant,ROBIN
502,0x69bfbeffdbff80e4929f1d1825418ea7e93e49cc5d95995b80ad7d5c1e96698c,Elias,GEORGE
503,0x80f69446fd583b12e1efbf290ee5fd6c38f7c99179cb8ea09633184a8e6bbfa0,Ronald,DEUTSCH
504,0x65f2e7f7e0410ccf4b96413f8011492a3a34f5eea5d3e16551a67f7e5b28e644,Cathy,ANTONELLI
505,0x5744309f24aa91fcc73e05e7bfe02c08148a7ec007d01ac456db79af56d9751f,Tracey,BURNS
506,0xb6674d627d29f0ecbbca514eeb732cb1cf154f8eb021da01c9efac2c47d81cd8,Charles,FITZHUGH
507,0x8331dfc06a30bbcf059ff6ca27e081e1c5b74065ceecbcc41859dc1de60e711b,Haley,PERRON
508,0xf8c758e5f15df3eac56999457ee21e66e48e768a9b759fdb0aa39efb19873dc6,Rhonda,JUAREZ
509,0x7bcdbcd0a183372e247e2760a7cd96de11549362920ab708a397e8d39122668,Tasha,MORALEZ
510,0x57415fff3d26221796c012ff6c0e5ffc98054cae5e66a7b8412e6286abeefa20,Blanca,WINES
511,0x79addd3e28cb6a37eeb2a5eb98eab522e0e744c14728c3dd99be9da85c26b656,Blake,LAMERE
512,0x74535519aba248a7a87986659185e25c038defc3edc19fee3823421cdad6e04a,Carmen,PRIEST
513,0xc39304292d31da5924f896de67a8ea61885d64e59cb7119e41507bef366959ed,Christopher,JAWORSKI
514,0xe4244c916193bdb054c5a6d610ddffe212db06b70c24878aa1c327dc56745c26,Dustin,STUMPF
515,0x2ea7f305d27f329c87401a50051e5de9834ff707efe5cbb24221f34f96d3d31c,Sarah,URQUHART
516,0xd79f8320ad5b385c7757c681730906cf918a97deab6cae99fa037ee2815399b2,Lee,ZUBER
517,0xec63ee84986f606efca2417572254c3ac711e0571a19a1cb8019cb76d44b8697,Donovan,HEADRICK
518,0x59725fd279f3988acdbaa53ed9a1e4f573cadddcd67b9f1170e330e476e746f8,Kasey,TARANGO
519,0xa7b227da80bde616c3ea65d9f8d52674805e6b6c37ee7d7ccdd62481569a966d,Alma,GARCIA
520,0x5fa41185055facecb5372440509584483c928c5457857a2a7e3be8ed205d49e7,Celeste,WALES
521,0xe139337f152fe24ddabefa82edc1f13fdb5fe75c85b30f5d34cf28f723e4995b,Francesca,ROBY
522,0xf33669dab3b0e7303824a08510d31ae73145ad6bc79a8168fd496854038859e0,Marco,MAGGIO
523,0x867591d32d32cc0c13d4a9d530c192fc644e5a5dc2f6905fe1dc9f7475a952f7,Latrice,BLANK
524,0x55cc64cd0eb424fa7f37ec479055634791eb8a3c49c0d6f71b29c773e8c49c3a,Megan,KOGER
525,0xb317ebc283c8d69a09b0fe6f6166bce789a972bfe088a6afd8603c8009fce5ed,Heather,CADENA
526,0xb47f1ee11cab550fddda8d5d04286609b664420416c098b16f29bba5e2dc5713,Cindy,GOOLSBY
527,0x4e54319c319ba5e9fe79a5fc5891a0c90043eb154212095ea31ef3eb120025a1,Alan,DOERR
528,0x2034b91365cf33def89100bf0c8f00eacf66524efa2086987ce49cd41b3c57fa,Jillian,HALVORSON
529,0x744e05fafe588867cd14760c4de229568e97d6b94902a5edfc0f5d1c44c49d7c,Rick,HERRERA
530,0x3059341974f34bca5637aeb3b2eb6ecc0592930e16d9579522ed5bf9471b8bbd,Faith,BOWLES
531,0x17bb8570b506660df88953eae7df593632b0f9bddfa0dd68a80cfb3076b029d0,Barry,ROBINSON
532,0x4a11c1c28c83ff2df8b640d8d1b2818288f1cf0f6579e849514d806700226aa7,Casey,LAMERE
533,0x206b7a422428ea5d357e412e5ab085a7261c0d55f402724a88ddc6b6215cc8a5,Alfred,WILKINS
534,0xae1df2d5ffa50cdad6dcabfadbb532304386493d52f698c8512fcc73236a2a72,Jami,BEAMON
535,0xa965eb71796fa0718be4eaffa2460466077d37d14307829939f45fdbf6163779,Sara,LOZOYA
536,0x96e698f3154de9cbf4dc84e3c3114588d8130885c0b267ddc0e83b0ebaf9b857,Bryce,SCOGGINS
537,0x73fb9179f61025d009ea5a40faf0f5c2b40fe2ac45d9a21d88dd8fb1d2db5d5c,Natasha,RATLIFF
538,0x13c0178bbe263f81dbef2bfb1716cd8e3318af9e2b39bf63eb957274ef14e997,Jenna,SORIA
539,0x496f1afbce202865ea8eda5ced2741bc628dc410bc19caa36e0f80d809dcc521,Chloe,CARDENAS
540,0x1277ea67e14268030a8667d030f9f93efb2b906b64fee3f6a2f5c93f6cc693c8,Esteban,DUNSTON
541,0xcd0c64478c5a87ce34899589047bd34c24db71020082f4e27013effeb2c9c74e,Nolan,PAULSEN
542,0x5e332d8bf6c21064e71032c2b7b3096e404069274eaf66487f3031083819ea47,Preston,COLMAN
543,0x4ef5223b2b75e6890b5e5b639fc448ebe0cdd7a238c84c7607fd07c0a2d849e9,Jeanette,BRISTOW
544,0x6d3ab149a411de30773b7f4b7b8af1ee8b73b538fac6e209facab7fdaf1e8de2,Andres,MARKS
545,0x8254046b0aa857fc7332ad25eaba60c368fb587496e5b9f91aa6f081bd75368,Elise,RAPHAEL
546,0x3c85daca644144beac11bb97d87121bba0b887a73afe2bd7647c74d97cca25be,Alberto,PRESCOTT
547,0xf4dc965e1b3125cad6aded36dbb7e6d74136adc9c7218b63c407746458c87995,Naomi,HERRMANN
548,0x400d98e7baab795c9e883dc3626506e48f2f61c21e6882e41e43f39df2c3b31d,Milton,ELLENDER
549,0xecc7cbae03c1bdfd3abaeb14b2df8fbf74b05f503cae73137010a0687a106192,Marisol,APPLETON
550,0x8ccf6b8463b85c30a0e63f83d870ce1346520cd3693fcb1b17c19f95e16768b1,Zachary,FULKERSON
551,0xc9531cb13ec3349c1be2281ff592e782a7a399d0d46e0941383dc357a041a897,Eileen,MARINO
552,0x105673580092f34ecae16682ef5399c9cfbc04f6ebb844894aefae8384b82d8c,Justine,THAYER
553,0x74a32ac0387ac6260ce5f4a48ba94b8c1ae6784cd726a7b5dd6eefc88bbdfec1,Jacob,BOLYARD
554,0x2cababecb2c7565b0ada01883f790b7854b1cca93aad4beeeb82be8b430e12e7,Cristina,BLAKEY
555,0x628fb1e89950cf189bb93268e977327232b2ebff88b3b40e85500e7a4ea5a67f,Rochelle,BETHUNE
556,0x9dbfb70994f754ee41b24e10b19d1a3852b8930d9fe01b23b7d3594a6a249a1e,Chantel,ANDRESEN
557,0xacccdb1e17b0ad8ed605ea9ea2d8cf35606ff5ae7c747e3127f715f98cc62ed7,Aaron,PARADA
558,0xe9f4c6c741b961b73ebde53280be9129fc0c283d81d93b6b18037e23ce47caad,Marquita,KESSINGER
559,0xbe12a97f6a27f0323fce46b1008ce00805025952daf5745bbd0ac57f583ff646,Genevieve,MCGARY
560,0x6fbb576830d24fcbe728840920e77298fea47fbe5230aa5a5a01dbd5eeb15793,Perry,MICHAUD
561,0xe4da2c1c75646eb51b03d338f356df8673b030da631a8428cd5c08e2791c0f31,Clayton,DELANEY
562,0x5522ebebb11afa3767c9b58709d13aa4180f93000429283e2b55ac40ec4995c4,Bianca,PASTOR
563,0x9cb72bfa47bdd8ea5c2814a445cdbf50fdcbb8fc485d8de3640dfaeee01c2d78,Joanna,WEAVER
564,0x5f522e7c78f377dbd2429a174996b11bc1676394c2cd1619e8d3dfba8489e61,Clay,NESBIT
565,0xf52030430e872526f3092e2e8feff9ac39f3207eadc143661b397b8d4ec2d899,Marco,MCNEAL
566,0xbb7f6165454aa9b0c5eedd8eece0e2b888a14df333f751c3ee4a65be299ce378,Hollie,HUGGINS
567,0xbfa89d140c21076c603859a89447b0543152cd8d4d1d2b18e4914ef51f52cb6,Pierre,HALPIN
568,0x6f9cc2349b7b828cfeb8a2292c3f7e74bcdaca4b2774176d528128fd4086edfe,Liliana,MENJIVAR
569,0xcdebc7b10f2a03b2ad7afd76fd63003021055ba3557a4137ac471f2a9a53553f,Charles,RIZZO
570,0x2026775a24f54a8109a767d179a9e3589f9724f200dc1fd6b4570a771bf6dc38,Lyndsey,VILLALPANDO
571,0x9fdbf9214bb9e534b1fcf554c001b77909af2d950aa5a1e35f0cbf255e925f4f,Nina,LACOUR
572,0xa40af4c71d43259fb335fbcfde9906844c5d413305217e2324f3aa6858981d53,Shirley,LARKIN
573,0x7128359fc5354f199988225901e407e9a27c2d60ed46a51ab5844a1f744df616,Johnathan,MEREDITH
574,0x6cb44ea31baaeef3403040b64177131ed7c2a679dfabd492e37c106c21e1d0b8,Lorenzo,CRUMLEY
575,0x768ba27495224f3f9ed36aeda8335e66fc9d379076472c941dcde3147adf4feb,Nikki,RAFFERTY
576,0x1f68b1801e2f6ced6cbc63f0e380acfc32fc7582bddeb779de098ba0699a6d66,Racheal,CURTIN
577,0x8ce0514d333cfc1b3d9189d7bf94c1f6d46fd1e1a07df6d66589dfd91f979bc9,Bridgette,DAVIE
578,0x6b72754a3f0a06054987a66e0d7868873b7a18e62af90dfbb489ca33180755c,Hector,DEROSIER
579,0x351a22e419918309a9e6e75f171e3a43cc2214a5639740fc639587df569d4787,Chelsey,GOUGH
580,0xe3806afe62b482404e029add333e149a22a09ea9761c056a364c854d4db5b49b,Chelsie,MAGGARD
581,0x35df87a338cacedb84ef13135e2751559f880f811e8a7d039f01f0b5e28115a4,Latrice,RAY
582,0x2c10933ba88342fd3f18700d8cfce92a2aefa9a40127cb3615c08f63a63587b8,Lindsay,HARDEN
583,0x41524e0e6dcaa7bfbd0f1f2bb0f0505756eeb2bd74c0bcf6d1964c90de8b502a,Leah,COBBS
584,0xbdb64e331dabc6761e846a7347f89cfef7f551856a79b503da6ad60f7f2b01c6,Sean,ISOM
585,0x708d7edf3a6d5a94406f9594320e5fc10248e6b9e7add9c96877b72c5a13859d,Brett,CERVANTES
586,0xbb70ebcea40f88b07119a52089b7bd804567aa9f355b644c08b270b848b2be27,Erin,GUADALUPE
587,0x2f3509c58e0180d0f98f3ec3350e65ee1b06761e33a513c29f85bc968c9ce9f5,Gabriel,SHANK
588,0xbe4fb59e6ad87e3b81b52d6d1ba1165322b4a89c8679c895e0e6f18a2052db,Lakisha,HOPSON
589,0x2c087fedb2d96ab5c93169f47a1b4e598f82409278dedab2efbd1e76ad046e9b,Marisa,PECORARO
590,0xe9c409f2a86fee291f4b3b586a17ea1674ad9e19c169457598ba74d59c7149b3,Tiffany,GARVIN
591,0xf13306e36b7000a7be5e3366cb05919b0db9f3a0c81b3dcf159be69245ea5c97,Fredrick,HOULIHAN
592,0x29edc88383e410d2cc85e6c1cb903ca1621aa389507cd36f013b66f75927a23c,Walter,CORDES
593,0x2cf06a43871e937e0fe52a1b86d2ca1547530d148eef2c840b8382a4b6df308d,Helen,JORGENSEN
594,0x5d40e305f29dc5da356064586888e1b323e088c97efd0e90ac03c5113307ae6b,Noelle,CHAMBERLAIN
595,0x77956c2aba8c78be367c386bdd0a0e1736e54a4b34facf960177b7df60c99201,Wade,PRITCHETT
596,0xb24b79940ccef6c7f7b3eef21af7876a7538c2c2ef4f7de8f0b3a98d81a5d4f3,Freddie,FREE
597,0xe679121cf5a0e0d6e18d924039bde46d5efe641614033fb8ca21637beda7a0ec,Adam,SICKLER
598,0x8d915f4ac77f03d15983948c62afa011a4e9ad0211549b216fddc84cad4bbe09,Ian,BELT
599,0x176f8c3c40224caced400abbd057686cf0abd5974b32a5a6e822dd0b13a5252d,Paula,GASKINS
600,0xf6fba837a04a13becfd6a7dd6f86f0a0d2b40ae21c0f3e79de3b7075eaf7487d,Roberto,WIGFALL
601,0xb29aba3891c3274e52779262c74267952bb7b87e505971dcd1b56524ce295330,Jeanette,REGAN
602,0x23c69e37b08c1be3e7114557cf748719514ce091f69c33199c5d9ec3c462884d,Johnathon,DEACON
603,0x1006d8b234e27681294b72b1365bb2f30bc7f595204f10a0d7f6317a6ca64acc,Toni,LUCIO
604,0x2b9d7aa577c08ea2f76c1652b8f92d655b264186a6c5b81b423ca3d6f281742,Carolina,HOWLAND
605,0x94562d2218b75259f36d492258ce2b2d1acc7d31f2bb1117982d892ddbd7f380,Rodney,BRATCHER
606,0x4559603a94684e24026090f21d72b26979b13a434033a4c0995e5e20de5603da,Charles,MAGALLANES
607,0x86152ef6809adc32e5c095ece9870d5626273f190f87f909cf89d05253fd7e99,Samuel,SAYLES
608,0x4ba0408588063a9756c2fc2da63391c8342fd45b27d738686bf3f977dfd5f8c,Ruben,STATON
609,0xf468e00370f00d5607f2fc2243a2a27c608d58c0ac0c2facac95cc464259b73d,Alexis,TREADWELL
610,0x45bda4d33ade5ea6f80d95e88d15b7d6fa80c19393127eaabb6e6e0f4db7cbc1,Bret,DEVER
611,0x23aa97df20b6c7fc88c482575124b82fb049f393e8f5919cedc34763dec253af,Quentin,CARBAUGH
612,0x13c07c9b5a6fd27b38742cd0b89a28481e0b04e90a527d2a2f1aa0cd8a854b50,Keri,LEITH
613,0x511ddaacba0d7168c5e05654ef84e6db7f2c007cf6b6464ba508b716efa6d5e3,Preston,MCGHEE
614,0xa8a6bca81cff3c4c799b7f7bc90dba040bf83e5e43496d8a22ccfccf3ec2d73,Marina,PRATER
615,0xbcb623f7d2cf6be19382d4683fada8aca57dbdd993510da84ebc32c2d7d3fc77,Gordon,POLING
616,0x12bf605938ea6ebcaed89d44303b963da634b2f51a670360ef57dad2efebedf7,Melanie,SHOUP
617,0x1525643d5762f358d0d264167e0733c5200f3170bc482d78f14018674ab6957e,Carlton,WHITTAKER
618,0x4f02092622fdea3c904f7756cc86d141299ea7fe18b67ff498569d9eeb16922f,Kristy,STREET
619,0x3c6d4610ce5c9354b89ba1065e58abf8a9e32ead3d8b085c73f47337f604984a,Bryan,THURSTON
620,0xdaad07d9b2b2b5a01328b08995a3f73e7b833cae08d33a9ae97dda2b38288455,Stacey,MCCASLIN
621,0x15a08100c93d9245b019cdb582a2b5748239a86489aff848fed2026e205a6285,Edgar,DUNFORD
622,0xb7526625196bfe531ae6cbc1f304ea66a5113a09382c9bcdca8a98ab5bff3b0f,Glenn,GAUSE
623,0x3ec7fcbdf2a7b4706089c70855f1bcdb5b684f61414c3be5a5fe4e639906a464,Josue,MELLON
624,0x1b4085547d8915be063ef495f6b632e4927b074e11e40f81dfb81dd20a8b9e8b,Dena,DASHIELL
625,0xbe56b50ab0dc2ab59966f67d0fa3d4c8d7d876313772bb87ed80404f4399fa77,Joseph,CAHILL
626,0x3fffa6f0daaa5dc7b2bb45b665cc6ba847676a07e991a7ec3b736fe932d48222,Charlene,VASSAR
627,0x946e82d481c5af270c978cc7e6a451f46e5d39d0b2c8bfaa70b3813e93488611,Sidney,MASON
628,0xec85fd4bb9324710bb933b1dabe7a8b5c4ac2db398b82da49f45726db6abea1f,Drew,ROONEY
629,0xdbe9aeaef0a216468d0451452cc0ee76ecd3b0906137659e327e1cf12504249f,Ronnie,NASON
630,0xf705925f5419ef27eff634a6ee0b6ccb2cc378e78e7d04d65ae285bebc308e7c,Vernon,SAYLES
631,0xe4ca876149567021f07ce3fcb310d8864500dad2131a4eeed0175ae76b9892da,Tameka,LEFEVRE
632,0x3b2163095b5df49b45891f2ef6fb866b9b4e4cc651ab8abb41c2f1f39fd8b8b3,Brendan,ETIENNE
633,0x102101494535ab86559a7e6ea243775d4e1910a878453da6d10b7b3cc5edbdc5,Lacey,HENLEY
634,0x68fc7319edeff6c104ccf2282c23be82766b558029ee93a4105c383a281feea6,Anthony,ASUNCION
635,0x86407c743b0239bd3725de34c4108550107d3900b138a9840e4760584d9efe44,Mayra,KEIM
636,0x410e7553af9ee81c94b35122ac95be9bb0d0aa52884d9cce664594480de5d92e,Frank,JAIMES
637,0x417835563636c175897b0ffd78409cc1b1205d2bae5489805bdc831b529761ff,Shayna,CHA
638,0x436dc4b4ad567dceec0e9b7ae0365d23414430ad5de9bb906b3d50a5158a4404,Ashly,SELF
639,0x63c041784bf06cff8fb8b1443c92ef71c2f8335fd555d2550a15932ccb408ec2,Gretchen,CLARDY
640,0x4350fbf11b91bbe87075863051735dc9f7c3ebb807f59c69d7d2c93221bdc9bd,Randi,DEMARCO
641,0xf5f92f6dc0047b0aff13cb0cf2f4bcd2f51c83ea816cf39f456d5a1b19f57dde,Eugene,LINDELL
642,0x92f0216db1f94c23f0856ca5f304bf03f1e7f7044cf5143383879d44f8ab3735,Corinne,TOLAND
643,0x596ab4b140655bebcfc752c74cb5e5ccf8258ba3c414ea14a6a2107e6dd98af3,Trenton,TRAMMEL
644,0x43e4e0af48061d8022eb52423b937ad880e101a6c7b5666bcadf90c21c202a63,Landon,BOUCHER
645,0x2b4eb3447b25304df21267efb56eeef9c1297db0b9d294b07876580ce3db7d9d,Emanuel,SHOFFNER
646,0x4fc003c35c190cef47ee48c1abf75ab4566c914600efa19bc3f4607f0e1267c9,Jordan,MCCANN
647,0x8589f544ab926297e4441b5bdf244fe1bc308446d969b5dc992ada8a76c3a375,Timothy,RAZO
648,0x9865cf8f050c24fb0d1e90caf873ac429a091d2c89501915aa20b1ba92bddf1c,Lara,SWEATT
649,0x6d41598adbd008f94074fbd35044bc087a147bed5f84712206e920c48fc25221,Louis,PURSER
650,0x52ea5b79f52bff27b6bdfa3a878d849785ae9b501fe265567ae1fcb5144ba47e,Stanley,COUNTS
651,0x3d4aa4eda2a3e916c28e4e18c7d8d46204232eddbe23d971de92a4d2c7f4ae51,Darnell,KANE
652,0xa76807af7ba02d5b09d5f4aa2474551e69d2cd353f38074b58915ae76da649fb,Ashley,ULIBARRI
653,0xd4fab53063bbb7b7c6c3d51e64cf58ec49abb7cff5ec2b620acd740ef4b9c0da,Bernard,OTTO
654,0xbc2fb7ee32a899c17bb93bc99e61b53df4fec7f666a9b8288f4bdaaf2d517602,Katelyn,CASH
655,0xdd0a6e43a7169fb730a4fc8a5c3083f394e03c5977580211ebb4bc75e75c3e2,Katy,ZAHN
656,0xc968d98415068b239d41b2fbf3c1f7b331fc60853a6e1a596b0c090e923331af,Antoinette,PAZ
657,0x7ca971490514dfcaad49c4927467b6b5d84e5994d88c1dfa390bb31ff8ec05d,Craig,GARRISON
658,0xbc3dad98305be1abe4fc064c7b664c62db7a69cf95cd5ebc7cb74da2ac6753b4,Cynthia,DOVER
659,0x3f39d5a8a8b49820e6a5ba043444af9352a8a64c5bc9d5aa5fccb49d81c1931c,Dena,MACY
660,0xadd421e3984a63aa116d01e12f76d0f846f16655469d10f83b873c5eac40e46c,Shauna,SIMAS
661,0x9ecf5f64b52a633bb4819cef99fd645f832a3cad8db39a38701c0303005dc2ec,Serena,SHARP
662,0x262c6761951eef96bd0110cdc010421ed919d3e72c933e4a22327c9b8abdef16,Willie,MARQUARDT
663,0x84668f045c1ddb27397ba5b0c4d95867aa525fb2846fe2e75f6b0e3ad54695f4,Casandra,AGUIAR
664,0x207ba0a5e46ad0f2226a95cf46d389cd6fc665bd4db01c8e3c089872a2641511,Hector,MCGHEE
665,0x4ac796b4f0e550fffcde629134a240d4eab225f199a3d5ebff839cdc45340f2e,Sharon,VALENTE
666,0x6226aeed004ce605c2d7d4cd28c53b9b9a99e908afb6a9bd118344b23d95ee15,Colin,MOSES
667,0xebd9e4dbe03a72ca486c57ec8ac76bf2c5d560fc19125fb16e0fcf0a9655dda0,Miguel,COSME
668,0x76d09ba8ac28f5e2571fc9f89863ba770c7ec290980b66717ad92f4ddba8a7a4,Juliana,TESCH
669,0xae98014ffd4e3f5466218f976fa4f756ecc304869304a914c8906ccd816f3835,Casey,PHARR
670,0x6742809688ee7faf2ad0880851d7b3de02b634ed5cd7042d130ab059bbfd746d,Mathew,ROCHELLE
671,0x593ec6a515852e6c0aa4367b3fff426521d8f3a5c7c3e948f80d97f882e4d836,Amy,YEN
672,0xdea4c3347545ac41c063faffd75ae58f2eca61985679ee5fe4049a1fcf47f8cb,Don,SORRELL
673,0xd3300c83b3024f48a02b8c35c652f23a794913190bdbe308dbb6ac62a1b35e86,Breanne,GATEWOOD
674,0xea34139ed38add11097d51a6ec76dd42537c7cdafb71a32a19a9e81f98eb30d7,Scott,FARIS
675,0x50f8e03e1fcfe6931f3648ec177729e17dbec4590b51701f1dc9361086fbaaa5,Neil,SCOVILLE
676,0x8098dfe69f7477e49a0b661d79782785032733679b0dcbb1dab6cbbd8ac8f5e2,Priscilla,LEONG
677,0x1c40cf6275f0e933937abda0c6db512325721f14b40a67f8b460b6c33b189b32,Tammy,TEDDER
678,0xd51f20cbbbc7560ccfc063f4f0eee321c3ee6d4ff13d4d78ededac1aea3cff56,Angelo,BRAMBLETT
679,0x4ee54c385a443815b200d0aa2419c91531b7aedb86326e14a44b524beeffbdff,Tyrone,RAYNER
680,0x1d42ae35eef1dbcede172e7a822aeff559aa96f74e981a7503b972ae0ad7b36c,Randi,PATCH
681,0x4563dbc409d4623f3dcd964ac81f716d483f72605a5944ac2126ea5141bb93e8,Timothy,TRUELOVE
682,0xb894ca4ae8c69f50673f9b2a6b26bd02bb9afa91b66b881667c496167bf340a4,Maureen,WINFIELD
683,0x4cd9c72e3fce8ffd9dca9e0b5ef093bbdda87f0f3939909a50f74269b8e7809d,Denise,HIDALGO
684,0xd4e3d27a8df02f589cb067fc0b5208edc88a1bccb6048517fa6c4cd65f86bedb,Tamara,OCASIO
685,0x2f9fe1743e4790ebe6c52eb9ba7749d707c3513ecd38790582efe91dc862583a,Chelsey,CONLIN
686,0x713c1e255dc4260720b4b87fa87e9e3fd12603680751446e367d577599560e88,Geoffrey,WILLIAM
687,0xe194fca86db4107788713c064993819fc13522de551be76e87265932dec69c2b,Kathryn,RATCLIFF
688,0xa21d66cb9e0bbe7366761ac3e9ff595a454c47ca659bfcf48c9e4df0c3ab9c5c,Veronica,HUMBERT
689,0x69f1573cdd6928961cf097c7715d2a305f76752a525720103bb3049418fdb86e,Susan,GILLESPIE
690,0x7088d3b4fe5bfbef64d920b4a26a428a3d372bd02f928e526949f0fcae187ea9,Erik,CAMACHO
691,0xdb3d29d02bb4993352f38b15df29240c610c996b50dc5b5f282cf7b7fa547453,Beau,TOWNE
692,0x57950162496f54b9d1dc47fa34bc8afc8e25fccd8e20ce70f8d4c9228878677c,Francis,WEIR
693,0x4321b4788ceb5224a35fa7133ce17536db7860c2aef9fccb5609077ec62898e0,Trey,HANDY
694,0xb799b6e195a0bf658b8b1573146e71a89277453fcaacdf111d739b103d2d1c52,Adam,KUNZ
695,0x66ce6ab61a7b26782e187c2c44850898c84fc4d7b1483d992f4042df2ac3e437,Clifford,HOGGARD
696,0x5755f01b8ef8a80eff22e5a4dae0ef5cf2037dc960d059c4a4d06e644a44490e,Trevor,CADDELL
697,0x3e498d9ab590cf335aced48a9c5a8d1c3461ccb0bbc9afb6c4f3fb1f097dc1fc,Clarence,NATIONS
698,0x16ada6710010ec8857e5a9b85a414717cb52c0275952fba82dde061c0951d26d,Abraham,MA
699,0x178caf6a34fe9013246f26cf2c43e37c2e10a3e36b0f5cf5092a1e12154dcffa,Ashleigh,ALVARADO
700,0x15c24dbc92d11406944bd162e2948cc88193a4ca20f0b78d5fd4e9d6a73d63a2,Stuart,BETHEA
701,0xfe8842b6895a2bbad9020018c3abf27be7b901c3e1fb4f54f0e5eb68fca6cc9e,Alana,CHIN
702,0x8018fe6d8391bacb062e8f7ed192dfbc1453a8395ada1db7ff951ea357ed0c2c,Ian,LAMMERS
703,0x8c33a91d7ab0d08128eb764d65b971ddf4b4c5680e1610a89c9bfb2be4fa28e,Meredith,BRAITHWAITE
704,0x857a723c27671cace4bb26bf130d053b1b35cf64a4063a10414be4e21ce9b29c,Tyrone,WEIS
705,0xadf959896597b9071640f0650942e8f7800ad88a24b3014b897baf4463814356,Susan,MCCLANAHAN
706,0x9f2ef5407846fba3f8909456749a1d05e30a5f6594a1279577ad899ffc4c4c36,Clint,ODLE
707,0x80a0a70530fe88b2ea080c6b80bb2f41a207384b80e2b734f2fc54abe980a090,Isaiah,HAMMONDS
708,0xae0df794d2912625db6882217b48db281279a720d7573a040924c01532ecc6a0,Beverly,SCANLON
709,0xb6ed20d6d9479d39f57a6d86267a140bd2d7577a3b7814e8adb8bba2aa7cbc57,Ruth,CONLIN
710,0x6cbe49e0bd75ed0cfc9976004cd1ed71820034def8a54ad817b322ebac018c74,Rose,THAXTON
711,0x6ec4e76f06f52967e4978a94bf103f9e06024d5d00a90fe2b50d521522c59b15,Kristie,RHONE
712,0xe586025a739a3de185e9a0e3afe871dcbd1b987f45f7e60aa14f84fc0da048b3,Jeffery,POOL
713,0xb27d2179ae0f4ea8578c70d177c33882eda1e36b27898b99d375f61b03acdf28,Jami,STROMAN
714,0xa5516c423515851acdfbd4b9339ef71aa22595c03b1850123aaceaebaf4734ca,Tristan,HACKMAN
715,0xb62754219c83dc88d41a6c85889f9aae62fbeb6c8fd57ddef410cab95f985244,Leroy,MYATT
716,0xbe6819470fd6e80def1c4a60d23408cd56bece96a1e4974e7122a25c54a30efb,Sylvia,OROSCO
717,0xadbc6eea4cae1425b603ee4c5d3be485b630e3197a84e72b12a9c355cc81b626,Esther,ESPARZA
718,0xaf86ece880adf4c08dda529f51bd7c05f4d0901edac4bae9329572523601fd00,Alejandro,AVELAR
719,0x6d7004dd6bfec58aa5a6232d322bce16623464df061ae74a9f42607ad5bd7953,Alicia,NEALE
720,0xd78a949beb9f619edfd0b79507647849cceae5518688cbe26c07847e71cc8bae,Meredith,BRINSON
721,0xb4e2e3c5b38016ff3706c803eb27248dbfbde29792f3e5bef12d8ae55530f6e8,Iris,NATAL
722,0xb5fbbe2dafbe13e4c5412993075303dfdd0d5119ab0ad2773166fc8b849be649,Traci,GAYNOR
723,0x9aabb3375b478949fb0bc64f1f6417467dac6001169d849a2ec6c6247d47601c,Elisha,BANDY
724,0x8bf0e4fe2ff6d824233a7a65c6dba7677627c635110eaced8c77dec47ea0c819,Mark,KURTZ
725,0x6b3f041554c7abbdf67e8b4cf6754bf12f7bdf89af06938710fa03f4981a8c41,Lawrence,ROWLETT
726,0xca0102c3ddf8c6df741594740f73284e9681b09e4f38d319429458a681f7110a,Kurtis,AMADOR
727,0x8bbcc2adcbec0869893f46ab8166c62b622c08e96e9239cf6fcc10a0e4036a41,Lyndsey,BENHAM
728,0xf95d2db78a545491a6feeafbbc3c8badc65412023d746dfb77afa1f1faf51841,Alfredo,WILMOTH
729,0x82dc5bc6ec4cef17fda75c9351e378de04fc4a97490e0d7cd15ce5c3b1708f11,Miriam,FLECK
730,0x12626236bac8a640f1c4c0e6f10db28eaae5e12d23076e2c4bf62183429a0c24,Darren,LAIRD
731,0x6ced4ab4e0cbcc935c97f3a17000c0021c6dbc7ff91e13d7d35549fda8ff3cd8,Alisha,LUCAS
732,0xde9bdddff4eb8ab4d54788cd468e6e67102d7e035f74574d85c4e95801db14c6,Latasha,MOWERY
733,0xa850757eee2e5f1d0ebfe8703a6e36dc02d3ac30a945eecba0262ad70f18138,Blake,TORREZ
734,0x3515a25ed3da5fa93dbc06526688c042c168d36b0df33331d98b50f40de352a2,Tommy,SEGAL
735,0x27d6d2d64dcfd1bdc5a465c5f92335eb753ee78aefa0eab4d56a734754408b54,Juan,RAHN
736,0xdeccde9edce24df8a682018b76cade37d092f5de1beec781080156d6b6fb7ea6,Troy,HELLER
737,0x4d0ac0622569f4c62314db470ca33bac92eb24f141f383ca73474fd25438b8d5,Chance,SPIVEY
738,0x94a021ea5b0afd57daf33a1612076ac3ee066efefd7d5ef8e6f405b9bfef3904,William,TIMMERMAN
739,0x715d51b5ece22a7777cea746806a8bd1f0e436a7e641456276caa335ae9357a0,Shante,MIDDAUGH
740,0xa2c2e50bb84f9bfbd0387c714eff2e9ed1df7ab82d76b56c565f1008558f36d6,Samuel,SORENSEN
741,0x56f605f7754ba909ec180d2e4b253e61a86b4aeef1ae3b967e11ecebfbc789fb,Maurice,HONEA
742,0x9595b5050a8cf6099b0d4a90216dece9b0d9a3e3b48a79f0780f34dbc234aad4,Derick,SALES
743,0xd1e31782d493a1f7a9ae7563d4c49cbf4cc3b82452da90823d30bc84a3a2cc3a,Shana,MACKIE
744,0x3c2068f0f69062d5caf0541c2dd9386e4269845b127faba160952ff4e5c8fee4,Claudia,BOTTOMS
745,0x1ae5b9b5e00cd2df1043d5407b28a2b64af91be6e8ce9ca61e8b3d9b99b54d46,Sophia,GURROLA
746,0x8a1de1ca802b8d3c04594816c82bb03d294a100cc7b961ad9abbe49529dfe0c2,Ivan,CARUSO
747,0x7b42397cc3ce0fe78e8c12399ec4e0028d2cdc904f70cb3166aba37058a2c369,Vivian,OLANDER
748,0x830e15204233727567d0c6564b15489ce002d2f8de0066ccb91986edee19d6d2,Collin,MACKAY
749,0x39fc375122556f47375914eeabe9224a0a580d96e19b723563f6e54bc89f61c8,Christa,KISSEL
750,0xfc06d177eeddfd6ff2b9f61ccd487dcb63092e769540bd0138ab7a777aec4002,Regina,SEDILLO
751,0xe610b017f653d08e235173c53d5f159805420ae541247bdfa3617dfaa0232c6e,Clara,TUNSTALL
752,0x4f251606c673661d87bd41ff35116f20152d9cb5777b7f24169d8e9d3b2f02e2,Enrique,CARDINAL
753,0x6c0db98000d2089980e6edef41250c8c2d8473038891d9c173aed4789eb0480a,Bernard,PRESTON
754,0x1a5ee38d60bfb2a3722204067df8b06745b1c652821c6ef893b847283912221,Adrienne,COUNCIL
755,0x52a020427d5ccfbb69d2492c95e4d830dc4d80c5a8d35beed183d970c0e3bc47,Mario,PRIVETT
756,0x3b1724b0241c0dce341d1d2851f90e85a20d9d680165324e367ba95739195ca2,Shayna,LOGSDON
757,0xf18367ebccd35216ec55b91af0644f89b9f0556dbdc0066b1fb67cd294a4a721,Tyler,VASQUES
758,0x62bd3c5547db53090b0d9b95d19bcd370f080cc69cf37f2780f848e77e4b4fd2,Elyse,MCCOWAN
759,0x9a89a80d33d5018852cff7c4f03abaa6da558a038b3092bdc9574d95c8425651,Wesley,PETERSON
760,0x4355d9a881d7c59ef9f83b4eb67621ab0c2fe5c8a05f0058f5e0e3dab996f63,Terence,REITER
761,0x67e0b8de9a52cc023fb5c64e2b7183fc0595fe57c5071a0dd27ce7b2f76a00f6,Elise,MICHALAK
762,0xc4fe037cdc4a12764ef2abdda697e050ccba7d90d0d8f8eff5de1dfc79662ccb,Chiquita,SCULLY
763,0xff314cb3e438819d3a145d4a8951674d756d2cd1b520b1da8cb0df8066769f1c,Becky,ROYER
764,0x9d75e16c2dc8ee59a12f402adac2256be8aa0c62f2d8fe2ae2f0b48a1ba7292e,Anastasia,GUYTON
765,0x1726253d8e6e6b9fac640c52a72304c39d6d00389eed57e9af510e83ce64457c,Cortney,FINCHER
766,0xc8c644aa8eca27b5a679b13b1cd5d7805c3c4c601c73c7c9893c3a4e3f8cceaa,Alma,AZEVEDO
767,0xbd8e28622ef85b4480efac9e8572f080b6240ea7964dbacfccb913114125f1d,Karen,THIGPEN
768,0xac59445347e94ba693485d36e3d2bd2d60a68cbece6edc0b0bfb83a642a703e7,Chelsea,FIDLER
769,0x767e1f1512fe293c8f0b7c3f79040eedfdd33ca1e5cd9ee5775b47b769f4e5ae,Terry,SHELL
770,0xd9f866076356ca90e52e4e5b6b3391b75c0a60100a72f4e98d3233769db268ea,Dwight,NAPPER
771,0x18ba9570e88ff7f210a77ec56c5b4413b47f49433cfabe79d8658e3264b27d5d,Rosemary,MALOY
772,0xe80984dc2303cfcc0aad9cd34f83495017f172e4ce34391a3523509497dacbcc,Michele,COMER
773,0x768b8c12fec44f662136c81fedb44befb40458147308031f86eae7d86baaeda4,Stefanie,BARNES
774,0x7ab5e61782aca1a2f3641452ecc7d00ee688c69b3a56fbbca31e829988ddb9cd,Nadia,HOLIFIELD
775,0x8bd7f0280f89aeb605eeeeb2437fb15b09bebe9eea380670a79fc558a0f740d7,Allison,WHITFIELD
776,0x24631f8dcd0bdf6186ad68b73671a5d744ea008a5a4117ccad79324e2becf399,Felicia,REAL
777,0x6fdf9c0d137dfc91546b8736db517ea9969535e52a7fd380f3b1cd1c4b1d12a5,Rachel,BEARDEN
778,0x48565ebac90315d9eedb4543fcdbc14f86909a1b50cca9522e49599c48b6adf7,Randy,AMERSON
779,0x285756b1bdc2bbfe90901759744e0c0788c9e538dfd8cbc262902f0cdab407f3,Briana,MEYER
780,0x765a265169274ba02bd1bff7bf89e03c5682e54fd5246f8cf3ed21fd1a7b9510,Louis,YBARRA
781,0xc93705c803adaaba469d574c5a68233902ce9f6f88579272537dc0b43eea7d83,Mario,CRESS
782,0x39536d2ae6b01e5ceda67521032a5b639970c43cf508d83e7c3aec70c3b00d3d,Sabrina,SISK
783,0x6b4c5718d3cb286ef01a5d492c51c4030abfce4d955d20ea63540d0ee1d74e57,Ross,TOLLEY
784,0xc17a4f1f9e54d4151106a1f35d26c6690816b13328f90660d0092fb3961dcced,Blake,FREDERICKSON
785,0x98ffcd23d1eb4ba2116df1464a6a735f3b3b07857df60e8516f015c8f6a71ed5,Evelyn,GROSE
786,0xa8c9223b375cbe46f61189b2e6345c1314ea9683126ffeb54d425604d3a3c440,Joyce,KOBAYASHI
787,0x7a4516c6c09e32a120704ccf00817c34337b2a8f651dda516be4c8f1097f4a97,Lance,FAIRLEY
788,0xc86f978747e27486d736c615cb0b58a30f7fe7a209ee91131537e9d2085c0a6b,Norman,BENBOW
789,0xd34c8ee6621079a4200577a1eafd3b95f11ecae8c23c20c71b094eeb5d71513e,Carlton,LITTLES
790,0xef8f049b61bd660c5511bd7a578b94a42665baad30317b1ceaeb8556c907a62c,Sophia,OQUINN
791,0x653179f199602ada384df04aeb2094d74a5892f62192856b05e58e0bcdc25489,Jodi,FERRIN
792,0xcf369ea725af5d6410a226ed56edeb8ca86abc00f1048a7ef49001c4a0368fb2,Christina,HARDWICK
793,0xb1b5ea41dc48cf1ec4f68fd2a7a221d6b7e5060cc0d030833f300a669b6fa71d,Arturo,MOLLER
794,0x6e26cc2fe1449baf1bab0aa934d223a2bef03ba818ec69b8ec3d1add1dd722c8,Ashlee,MUNGER
795,0x711a2d573308a9f25bd4a1f44d64e6ace45e36c339040a53d5783696f5b075a6,Kimberly,MONTEIRO
796,0xc0ff528899612b19f70c65e825784c92e311f1718003a8630eb01a0e0b161425,Fred,OCHS
797,0x9ea79352cb533ba2899af45861857cf05ca551f5dcb8a79ee4ebf9e404660b8f,Jose,BROOM
798,0xfebf38711085f6208d75354017d26833c028c5ef6c6712c34827517de32bc528,Alma,MILBURN
799,0x160cd304467b51d7c47d5188378c809520ca1f28cc525e05b9ab82c4b0e66de,Chanel,ROCKWELL
800,0x5511fe7d5c88522e32eb370396632382e3fce5d4f2b0dbc79a29dffe6de580b9,Elisa,KELLEHER
801,0xcc607d60da70d85ef9c1faebf9d0857cd88f68cb9935237d0d23115ab914a56e,Lyndsay,STINE
802,0xb111d35eb17670599cb3b19d48b388eda241e15adce930def0186f1a450ee8c,Adrienne,RUCH
803,0x5812dc0a0bee23ada3c2bc45fceed33973a4e6251ef097b8270407780d4a2ffd,Karina,CARLSON
804,0x40a8a1591711f74d7d5d1a2b24caf19761cf091737fe987e1f632771474f564c,Santana,BRIDGES
805,0x99b9c67c44f403b50b6910e6d22b89f648c90076583c62170d09fed87e8f3388,Crystal,SPECHT
806,0x528f0fceaf8fe99865b271c689b4506ca4119b7893d60b10f4386c7b48744896,Brenda,YARBROUGH
807,0xd9768397c3e58651b36a840e3a2b34da39f663f2b3a6b86b2606526d39e7141b,Damian,PUENTE
808,0xa095f5d2a1d20a3876d23f0ea79eda29d774947ef136215b816da09fd5f194db,Drew,PEDROZA
809,0xbb4401ac92148afc54b1317e713a12c6e0509895802c71d30339dc2af577867,Mallory,HOOD
810,0x27a16d06bb820df70c937d26a616d32e1c367c94dc509d13380f64567ca98ea6,Kirsten,BYRNES
811,0x6a3c6aabd60e7b003bb4906dd78219031dc39ef92fb65968e97d45c87c412105,Kenneth,ALESSI
812,0x912e7d1a47be5510beaa74132c260513c4ba873839dc97b77111b1e4edbe82de,Judith,GRIFFITHS
813,0x9bb212309c3d154583b2e5a63a8d89b6943dbc00ea16c6529f09277c9bc46307,Wade,ZIELINSKI
814,0x48ede9eaef6034b216bd9017e6f02fd8729c82556841a51b952d4ebb13ca8d7,Dominick,MARTEL
815,0xc2bf28bafc7d0d9f6d1ab14a2050e99c05fe4963b4d16da7f321701e91cb91eb,Trey,WATERS
816,0x876693ee28f174c53f6ec6b14ba5b9e33adc892e21f2f77dcf6f64a51b17a664,Leo,DUPUIS
817,0xbf74fb54aba345ef4aea5cfbe70f86a0bb18dd9d438d39a6dec645ac1973f5a4,Rosa,SHORT
818,0xac1ba07efd701b8531cce10c7c8d3c613e2046ee20304f6f75263bbf1e64d249,Judith,WALTON
819,0x39f8f7994f7eabbc37ffebbe0212bddfc5bd900652e4891ced5283339529d26d,Pablo,SCHILLER
820,0x1d62ebc2cdc255043390698963b6f63b98ffd302d63670fad0f23cc353593288,Bianca,ESTABROOK
821,0x4e0b03bfb47094d0952ed2d37f4bee13916aff62fd0d9822cd4e26123b77cc1b,Cole,DUNBAR
822,0x274e5478a9f712de01f19644663db859637c51fab91dc17a002e9572d8cad793,Rodolfo,CLICK
823,0xbd053888cc9767ac66a4a1909e8cfe00361addae19c198923df174162253a551,Betsy,MALEY
824,0xe711d5360e38dcdd70b2806e189c918cf1e5a9dd9072145e62cec4edf6fdcd6d,Jay,BERKEY
825,0x607325ded25a610e8051e9f2e90474136e3790f3998dcd215f9ea29755084ad9,Dale,SOUTHWORTH
826,0x193883ab332ab8061c95b1acc9566b377d6a788f82a1db31175259d329cf4d62,Lee,LLOYD
827,0xd879758495a2bd8e6639707b03237f8500936924b3388e28feae66ee1d105001,Lance,FOY
828,0xab829c096ae41baa43a39bdd74163f36a6c9c5874f255242e9820a74f8419367,Jonathon,MULDROW
829,0x20a5b25da8d82ba8c0320eb0638b519b32cf0a40c6e60c9de444a737537150f8,Kent,MAYA
830,0x66fc8ed7e9f4e4f3711fb4df29efcb0d01091aec9f7c79e4df7d55742545cadc,Carlton,IBARRA
831,0x9809fb606a3708b96defd5698ffca298edc7773a9f0d0d9d3979b8852681162d,Tracie,CARTER
832,0x2494a7cd85b6077a1aff6cd271b7cf74bfe06d98c561fd5d8211a77dfb2f8016,Sade,CALVO
833,0xeb6f540e11dbfed928b76d7b7ae0f8137e71325b84b689cfde147ccb235edbd3,Ariana,CREW
834,0xd82ee030695b5cc629fb866fb723e4f1d8cd59157fe17e9f0a028db4c01d4217,Aaron,AVANT
835,0x1a4b791af05abcffc904091acedba359776d762b0ef7953b1ac81cf84b54f35e,Tiffanie,HASH
836,0x4ee246f423e8b11d1357261e18cc09f86e638432ffc8cf7f4c095e9fdf26bb8c,Jesse,NUGENT
837,0x2c9eb55ef302854cdc1a177e8077fd5e3d1b97c3d46f8b57caed63d8abe1dc66,Beau,HERMOSILLO
838,0xff7611e1dbcf5119e2999303188b9df5db408738f3993c1ffb95a8e00eea6371,Ashley,HENLEY
839,0x8cf5b1a464a024be78d78e7463423eaa20a1f597da65658f9ee8e9d01042a722,Denise,STAATS
840,0x4dde6f84f3ed08b1aa055487371efcadb5916fc1794230d54ba303adfe08ac64,Lakeisha,PRIOR
841,0xc3131f78cc404770483c7f3986813d59a41d85a181a14613cc9653c3d97e95c9,Fred,SWETT
842,0xfdddc34834a32f9cb09485dd3a75149c5e554dfc3444bd1b003d49f0e7d0bb78,Clara,PURVIS
843,0x8e1fd841bbcf400c01973de62ab75ae2d775291eaf0a3ef8516c01e07daaef92,Bradford,FAN
844,0x8210545c10b031217ec1b353a851ef3777561dd4ae486c83d9e6c9194363d226,Leanne,PIPKIN
845,0x8a995f6abd2fa778c038e582717934f503f369c6207419c702177834332d3ba0,Marlon,BISSELL
846,0x88b1b91fd85c8e3409ff0d1628795a55939f4e58237ec7e3c3b9640b94b2835b,Angel,TATE
847,0xb9943bea8e72ed2c7c7f44c530f236f3c189adb63dca4f917a5bedb9601586d8,Kenny,HAITH
848,0xf289ac0fef72df4b6ed04c34ae83d8d306b79257cef7dabc2383261275ee445a,Alexis,MCWHIRTER
849,0xe6cc0d9474f17d78d500b56906b1263eb6358a5a903f4a8bdc193d9cb15fe5a4,Clarissa,SCAIFE
850,0x183eca3ec7ecb407fc71238fbad34aabc83722d453e158e81e197f2339f659d6,Tamika,SANCHEZ
851,0xdfac7947b12ae4b2d400e11e04fd83a49f3b77f1bdf297596904cf0bfa266edf,Leslie,MURPHEY
852,0x9af586f80ed4ccbb1828282c64928386d1d3cdcb2d502132846d383e9ea98750,Jennifer,SEWARD
853,0x83280c4d29fa43be605d77d437d83b6081da8ff2fc1e609165bfd2053a4b20bf,Gabriel,DESANTIS
854,0x2bd94d4496669830532062737f000092608d23dab1b0d8a871cd3f1b4b74b1cb,Eli,CROFT
855,0xb3cb156f7c0ad974fc0dfb49c4e33dc3f091c7ddebd2b34ce256260756baee49,Karen,SYLVESTER
856,0xb708f5703f9618b14e1130dfebb159e2822b9024038bee9b99464a18bfbf301e,Kendra,MILLET
857,0xc6f587ecedde69a953d08203f6dc5fe6370fb6d231c54058a69ef5ec7e494ac7,Jill,MASSEY
858,0x8242ae35c0f848cad5c390a14c2187bc008e74676ff883c31a55bbe8a0743c35,Ian,FRICKE
859,0x31218c7062909fd18f7842b2736c77a878e0134973970b3bcb860a05c698c5f0,Christi,NEGRON
860,0xfbbcaddb6c9b179aea7dff9361e48c12a233d86ae9c02f6a3170b0c0454d4e40,Elisha,SETTLES
861,0xa157fbc6850252597ed84170005e40fd06e421c5aca54a19cf505b4d35daaaa5,Mitchell,KINDER
862,0xa24a913a536ca57bfca69e39f769d3001e2bea53de51049b0f57bcd95640768b,Lucia,SEIFERT
863,0xe9d8d2d22d53886edaff21ab9f2917783b4e5e7c007fde7277bc00a6b0a1d5df,Tracie,SHAUGHNESSY
864,0xc7db18ced59c9e5b5302cd03a6fdf66792dd02b7b09653774b169887d7c99dbe,Jayme,SHADE
865,0x595facc5c134fde28dbb52a843baaad15bf306ba5aafc678ebebfe1cac16bc52,Serena,FUNK
866,0xfd46c11b663dcaa07bf3596116b5fef3b186a5e87431151fbef9bc1a1902ee38,Jane,HOLSINGER
867,0x50469e57b8a0b6443913e49fc1a5e0b0d9a849e6a9b2b2ef66439aef7e77ecbc,Darlene,RICCIO
868,0x56b054f166710212608fd0be608bc484c89654618b7bb404d8f661ba53a18b30,Maegan,BEAR
869,0x47b3822614ab48b1810b7aa0e87313f87fac44b5442fb8d578e41238feeac628,Trey,MARION
870,0x6c1fae680ebf53340a8a5fa6aed9f4bf00432f5ca50f2c1182f7e4b724698a42,Lucy,SCHAUB
871,0x5a86213e5f93ffbf2dbde5ae353668c92994e08e972cdde08376fd80e8f50013,Mitchell,SEARS
872,0xaaeae74331c259eaedacbda494e70da47e83914805295e487bdb833b87a9a63d,Belinda,LEW
873,0xf56ffe99a474d26247cebcf7c60f2eaa20d57a1bd88facc835722ee2481661b,Malcolm,LOEHR
874,0x8fd123ccad4e51521181a19220847de15263430419006a19721a60af04afdd03,Jonathan,HEINRICH
875,0xa9c2054237c7c8bde1f95956f9f092770205880790e6fc7def603238b16cb255,John,SHUPE
876,0xcc7a90ee7a2a10de961aa57d728bf711d7ef455a902e54c1a6260457e68cb51,Julianne,SEAL
877,0xc246ad6f62e4d4633f51e576c6957ac77a4a2920e9ef557eccf28ccef5f20376,Jody,FRANCO
878,0xfa3b8ff2743a99f81216701a2d134fa14561cc8fd55d3f42e6e7ad39b75bef44,Rick,DAVIES
879,0x6647444adecc2091ceaa4b888e0ce9fedd50f8006202c27e5f733cd8255f885d,Alana,POWERS
880,0x5de4f29fb1d9decbb64ad8dd19ad31bfe17dcb44fce9b7eecbf2d143005d3523,Vernon,KINGERY
881,0x40a59c8a385aca46924c12f247615854ec23f1d9cc3483404543000d8320d6ed,Julianne,IRICK
882,0xd9157c6188995951ad2e2880c110dbfd796bbd452caf1850ba1f3e30bcc34c5d,Savannah,MINGO
883,0xa70a3f231994b4584812e096ee7f2c7a3260aeed4ef7a97d4f79dde303dcfc8d,Jayson,BANNISTER
884,0xe6da9b95500f7d426614c4f3d0ca7b06093859ba63dee954d945e5e4af684195,Jenna,HELFRICH
885,0x4e01d2bce97d5bacbcb3ea79bb82376b259a56f4cc120cc03ccf752533d97a3e,Patrick,SHORTS
886,0x35a2260c1d72b1a17d1b8af331c184e5c280e52830530e33d5e4971402ac0cf9,Trevor,MOONEYHAM
887,0xa64da06cc2a4f33f594d878e155cb469a3b1efe2b5fa964d40162a47743b4021,Kristi,DENIS
888,0xbc47d07dbd201721fff658e50ad4288736a91d9a0717b9e0e78501ef38d3ce56,Andres,BOTT
889,0xe88681964e66f2bcf70706c1e3dae81c30c499e1f1e986eb382e46e303629d5a,Diana,MIRANDA
890,0xb1c6f9e00ab27f55130659f64a09dc822b286971ef9eb85cdc9fb44814ed5ef7,Leroy,ALLEN
891,0x9575a35dc42b98e4c1b620128f925b3bfcce351d89b6b1167d0e3425290750e4,Kellie,PARKHURST
892,0x3b64bd3f35e25cf7ed6a6c5ebfcc1b3db98ffe86392690e2116812e036342106,Bridgette,JAQUEZ
893,0xa992c8248986f31ccf9d63cc37ac8ddaa32576f5824a320b18e5591f56012550,Evan,BORN
894,0x8aff8d66b4b1c3f4cccca2cdc943e9bd65406f9a14b331c4aea2b2ed54f68d7,Krystal,CASTLE
895,0x9546be61865a2d3719a81447267f4a55fe57a239b3312ac67fc81984264b1227,Carol,SHIPMAN
896,0x2116f6b42c71ea235cc33577cbbaedc48f47a435b5180f33fc2c4ee3305b8e04,Samuel,BOUIE
897,0x18dc35ba19d15b39583a4382cdef41b4d8e6e936d8758bb9476ffc7794539654,Blake,SARMIENTO
898,0xd7d9e25af132244d8bf65e8a90317085056d7eb486b2ca72a824c626d778f331,Harrison,MELLON
899,0xeb2df1b23fb8965a3b2202da630575b2c64e0f2545ac393df191a7de7bdfda84,Desmond,LOWTHER
900,0xdfedaa212ad0804dc44ccd5d7a5a0b1b38cbd1767fd1ea4e63e4669931c12bbc,Patricia,MCADOO
901,0x23868819247486541361a180b19b3a505bf7216adb9f2dc4d08f9c1232cfdce,Keisha,LAHR
902,0x833af6261ca59180155d77fbcb3f0c9cf706764861d0c7175b6ddb3cdfd15c6c,Stefan,ALCALA
903,0xf6da90867870b3b943bf90194df54286f5f84aa2d7fc1330048277e4c98e435e,Nora,PENROD
904,0x97386bbf0890b6da14ea6d93216aa2c2903106c8a5011d9358004f2150bf369b,Darrell,LAVERGNE
905,0x47275161ecba47719da36dbfb105e4bf3a995040d8a3cfc068d21040c4d9c450,Cindy,SCHADE
906,0xd14ae7a9ea8aa07e4a72a72a5902a00cd30931341a5bdcf5b2b9291e15dae47c,Lena,MASON
907,0xc5625d7be843f31e4287e64a87ec50b8175be3ecc1a0d5e28e88e29c09770b7e,Andres,SNOWDEN
908,0xf1e62f73350eb139dd016ad0fb9f2ec5106b1366ae1cb9a6f8cdf69897c5d428,Lakisha,OCONNER
909,0x293b7c5149bc6372ac1bba3e0bb6adb467439fb6e7aee57ea82f00f01cb96aee,Gerardo,OCHOA
910,0x76c58609e28d13e738d71d7d50975ab2e32b164a0d65ecb9eaddc3b7f0eb7edb,Kristopher,PURIFOY
911,0x194d5c4d0e2be5983be31952629718a8d3f66ed5c92fdce28e9f5f1c992ba4e2,Alexey,NAVALNY
912,0xe32dcb4d598781b83435b0be81ffe8ccf2acf8e2d70d65404e6184f7650041f2,Nathan,RATCLIFF
913,0xcbb986a1d05fa0f1d87a6501e17a9160bfd96f5db685e4bdea11b379083332e,Lakeisha,LEACH
914,0x9a53e1bd66fb6c2585aec7641e2a7024c7a89a47e01586a6c08b208efde018bd,Timothy,TALBERT
915,0xb62e7eccb4ec93142f4eef9f25f74ef4788e76aba516c140d4bc79ccdcda6c33,Grant,NOEL
916,0xfaadc10ffccc2b364de779e5b8fb3c140eb0744f0be8bb23cfc5e4befc7583aa,Kristen,QUILES
917,0x3c8bc0380888e4843d6e289c4a37ac1fd44c661210c3ed51042f580f5220a9f0,Cierra,FLETCHER
918,0x6aec5b91a1d1984c5db73ff601c61a2b0ac03f66dc325cae731454aae3e461e9,Ericka,MAEDA
919,0xa9d5fc546067b189eba5e651fa41f0582d03b8ef3dfb68b7dd8bddfd09e6993f,Yvonne,SOTO
920,0x25a46a52d806ce323a1d0b0b5b8911f6a21bc367b0be87d16ec2dab809d193cd,Lindsey,DOSS
921,0x161aedd54df545f6c67c3a67bf0422a83f38bcfe475bbab6924a089f4e05088f,Domonique,BEVERLY
922,0xf2d51c14d68a6a0aba6db74ade396f721e2bb9720bf4f773021da1498d7c9c67,Natalie,BURRESS
923,0xd4e28a4a1d76503a9b2d5757c676d4a56e57bb2b52c2bf9a6da7ac5f0cdc83dd,Graham,CALLAWAY
924,0xc7019be5d26c122db143f4533cf96dc3b33f42135f83f52851cfc899fdbece3e,Adam,MACOMBER
925,0xe4c0b1ccb5fdb1995ea9729ae972b1f23c2101925db27796ac651094b4388fc,Alana,RICKERT
926,0x3f7ace401c1d5512a51fa8da18f92980df464316d48f1aedd0109f197f4bd769,Brooke,TROUP
927,0xf7f85e7d1a6ba5e3d57489f6d5dc412859a7056b229583f772dfb5699e776c4d,Crystal,BOMAR
928,0x2b5ca281824e3a6422f7e4e189404153d0227eda0865e87b84a7e8cb91d1dc18,Connie,GERARD
929,0x9b9a0cdf50e4474f8dd26e9b515550e1f2e2a449f0683b3721110d32812b86be,Beau,OVERCASH
930,0x90c6f3f350bfe984405f2f755317c741f9919a6e2c15512a00416e5c50e5f0d4,Carla,TYRRELL
931,0xc40eeab6735fd067562bf76aceb4019f062fbb531eae610734b74461311bde7b,Annie,BENHAM
932,0xa5afaf76ac470b4373df553dff798704601f742ee77b5b5cb82ab5400c22f3f6,Gilbert,LU
933,0x5b9c4f784f0530808cd94f932c99727bcd4dca0cd62bee4048bb6c0a3ca91b9d,Ernest,VAZQUEZ
934,0xa8fcf97dbddad34715d984960b828bf20e09b490775e34adca2eb79ed75c201,Domonique,BENNER
935,0xb3dc2642609b946f791bd923edf7f9feb0da82f764d32909b21b62fadd7347c,Heather,SPITZER
936,0xee7d947b43b5e7579e4efa51c75f042ccb770db4cf9179c834d3d73057624c68,Salvador,LEONG
937,0x5301a8672f4190a757b084ea3322766f9ef389af112d4fa8b89a727c83d492cd,Maurice,SANDSTROM
938,0x836067d2edda71a4b2bfeef7a76df90b9d8944a59c5dea9b18fda26d12111154,Bryce,HAWES
939,0x36064a5c1e7e6b9e45c31c0cf8366bc9d93bd6da14927203a6130b4d4104c143,Ariel,VESTAL
940,0xebe1b0fbf3421b88b4708df470a2db5b716df4a35855d5fd7e12985710cbd3ca,Crystal,PASTOR
941,0xd38120692e5d4c5eb5230879c588b517be13f15fd41ad9df7cfa804a3c977bd2,Jamar,FRIEND
942,0xabe7779daf508494d4f1780ad2c6149910617c50c6001b17578399e3affa26f0,Tracy,WARDELL
943,0x103ccc451ac1f07a61b8d2a24e9e20185cd425a55236018f6fe326862431293d,Colin,KIRWAN
944,0x70d8af2a19570ec7714ac69fac85559493dde9f1f8ec66bba540fc71a195b9ad,Deborah,CONSTANT
945,0xd1e894f937ff46607319c3acc382f649646604540039c823dae87ead8154b23c,Andres,DILLION
946,0x4cb3565ec2832fe682a538e0e1cff7e06e35ac54bc5e6bdb1da3466dec5e14d1,Tony,JAMERSON
947,0x57e4f6c2b3c5d60e2cf3694c1fdf4f65c6d106f17f6c041e7f3f8d51732106bd,Cindy,JAQUEZ
948,0x15113607849d378a1f5f418bc737ecb9468912e7e5f47d12a43aa7721d1333ac,Kelvin,LENT
949,0xffe4db85c59ef56197db6c69c84e9f21b5a20613bf7f39108494f90683ec2768,Mandi,SMTIH
950,0x6d3889f47a29586498cae493a73d5c62a0e6d62580572fdf024c6dc40de6873a,Aaron,FULK
951,0x120f2ac5371a2f3378faf8e55cd24d4e58239fedafec7db9cbdc971c270ac174,Wade,BIAS
952,0x89a0168d4f1a8a9f344f4380bd689bc9484ced052919cceaa390190858145acb,Lea,TOOLE
953,0x838da76165cb3c7660b31b7269e07a4e6abff9ed9f78380709b5e9d13f68416c,Seth,PLAZA
954,0x58c903d0aad5de0d25c08e02bc12f77642b0250187db075d53b6fbe150c8043a,Tiffanie,PIMENTEL
955,0x67713d6a4e123bed6d4a87555882bf9b855f4efdfdb33b80b046e8950451a644,Isaiah,MOREY
956,0x9cdc9652dab8486be0da3d6a9b9b8cf7de4f61dcd657a3d78f6d867879f504a4,Don,NAPPER
957,0x672368dfb51042a1dbccc9e1706f2210d0ad1da8cd7a1dc708906f42cc05332,Gregory,OSTER
958,0x1feea67805488fefbbcf1bfd365ddbce068268975ba96e7cea4b28e3463caae1,Jennifer,WATERS
959,0x3d9eb3aaf84013014523e231c0c00c92e01930cf90fe4edbee99f1f57c35dbbe,Yvette,CARRERA
960,0x36d9c05ca21811ded444088dde31c01baa40751dda66e8c35370d345b0d62779,Maurice,ARTHUR
961,0x9f3716fb927c8fbc850ece35b890e10199af6a323894733ac9d8868aa5455886,Cindy,GATTIS
962,0xb4854bab4451d13dc1370c0ffec36addc33d2496708f5b1cb8db6f57b1ad8cfc,Tina,BENFIELD
963,0x4de977beb892d9061cef53cb3cb9237bb1fb71173441be6536e3109f9ccad115,Derrick,SEIDEL
964,0x50c0e8e10cadbe31a755ca3a3c9949bfea472ebaf18ee06848cfcdc74eda9514,Chase,MERIDA
965,0xc373b0175ad3c77960f72539eaff8fdf5e53c87aafdefecdce6821a6ed1cb906,Jena,EICHHORN
966,0xfbccad7a684b3e5a59c96fc1b4c335785ea81b8f08674a719e99c6d56ad33389,Natalia,LANGHAM
967,0x351f73d4fe8df3d283ed4ef6ac3aca216277f2dc6d3ac762505c1ec631c2b70b,Stephen,RUTLAND
968,0x851c68e863fbac71bcd273c44dce04ae9cc2667f3778d6bc432725056e5c654e,Devon,RUMPH
969,0xba82bf8d99fe6651f90972d859571fba6a47dcb1bfbda74b84865723103096d,Ellen,CHARLEY
970,0x4669c32a7d860baac28a40972556f9e60cf51023785c86fb39d87906594bacb9,Jeff,RAGLAND
971,0x81ad5b736092e7a91e9f1a7dadfac1ae736972ba4f278d7973240293ac439e64,Benjamin,SEARLES
972,0xe03fbc1bd336b5351eebc641938a79169a15d24d0e1ce93587a74d0eab7a0c5a,Brenda,DEPEW
973,0xf868e800f745f72286c5be7896a50b6c2f0bd344a5a0738dad18a42282e3b03e,Devon,MONAHAN
974,0xda68f782af9e8a6aa4cc773618cd399a64290d063aa54e8242f663173682646b,Alex,ENGSTROM
975,0xa3c221db2c90f0e9e03087fa1dbbc7eb5e955ee43bf1040ed6e913b489f7b976,Julia,WATERMAN
976,0xabc1694e5de571f841b1147c286c887d83653a469a633c7cbec175c55d578858,Meredith,ARNDT
977,0x2bcbaa993942f8bd74d792fa3264d4bf4f032989ddeca784ceec5e0aa38f32e0,Dominique,MUELLER
978,0x686a612f4a15687c5cdd8baaebf4e890e2fc561215d47cc753cf76ecef816839,Lorena,EAVES
979,0xcc5f8500208ca1da3123d1af694c24be8c2ad4712fbbf9fd43c76153a10ce453,Karissa,TROUTMAN
980,0xdfae4661bff9ca87d7374ebb0c70ca4a51e00b31ac0e4e3bb2c0c31b2b9ba6a6,Troy,DYKE
981,0x39e72ce62270f5b7276a622e031ac7b4ae69731fa4aa6a5731dabb668850c735,Bradley,CAMPION
982,0x3351569eafda5b35ce73057b336fd505a67ed95929aefde43aaa026f146b95c9,Karina,WHITING
983,0xf17723ffcbb63915d1d6267bff2e0e722fac5de4948939278fd86091cb88558d,Rhonda,HAIGHT
984,0xe83d78156e789d4351bfcbcc2715042970dd725119c99598b4733d48be453ac0,Bradley,HEALD
985,0x684f0d0a2d868637b3122771a618f1ff595c7bd6724bb80078ee7364f352a0a0,Alex,TANKERSLEY
986,0x21df140a3688eec641ad7fdc40a5c70eac55ca07d4c595bb4e189869664f1d68,Milton,CRAIGHEAD
987,0xee703dc41a5effebcbbc76492e5ef9923257a3b2b2dbf3e70ad556d637fe0ad5,Noel,MADSEN
988,0x8e2d67a185946fa99609700ad0041a8edd1bd5bfa37043f5df3f643b07397019,Carolina,YOUNGBLOOD
989,0xcddc26bb32b3a85c97c7359c9e8a24dd17ff21997cc8ba58e0d27d7991ce6cc8,Dianna,BASHAW
990,0xe16a58ae4f92113220a1bbb56be133e225d5caf6bc4087c5fd65637cd4503e75,Dana,ROBB
991,0xec038e1196e9b58109d50d8374422aa1187855f29137aafb4e83da1df9dcc006,Mitchell,SHAVER
992,0x6d6f4a483e9015315d0335b3533bf591fd0590b21ce010662f279857f6a22ce2,Garrett,HAMMETT
993,0x710cc30f2aab8652e87fe57b8a498511c2e58f89cf608531526bcaaec6b0a4d6,Celeste,MOUA
994,0x2f711ad1198aa91dc60a464d5e779772fbc59cc24140fb08e090a91668016417,Clifton,STRASSER
995,0xea2c48e058fc79c33e40fce76deaff60eb5bb32cf365f2dc34c2b1b56fae0920,Sara,YEH
996,0xc80d840a6be7f033dbc715aa3013caaef54511a948aebdac5b6cddb71a6322e3,Neal,WOOLERY
997,0xa9d2f8824432b6cde3362d26d204bd607c47e3438e34dd2cf7cfc2fd1301681c,Dwight,LEGGETT
998,0xf7ccbd3df8a003bcace13ed882ba6c8dba0bf2c8def11ad9defc59e63e52a03a,Harry,SISTRUNK
999,0x649357babc2247db767c5d662ed80a37d765e6595b632f99a283f78f0ba172dc,Ariana,KUEHN
